"ISO","year","mean_value","median_value","sd_value","min_value","max_value","count"
"SYR",2015,78644,78644,NA,78644,78644,1
"SYR",2014,76490,76490,NA,76490,76490,1
"SYR",2016,59582,59582,NA,59582,59582,1
"SYR",2017,53863,53863,NA,53863,53863,1
"SYR",2013,53695,53695,NA,53695,53695,1
"ETH",2001,48666,48666,NA,48666,48666,1
"SYR",2018,38534,38534,NA,38534,38534,1
"ETH",2000,30786,30786,NA,30786,30786,1
"AFG",2019,26889,26889,NA,26889,26889,1
"SYR",2019,21727,21727,NA,21727,21727,1
"AFG",2018,19776,19776,NA,19776,19776,1
"AFG",2017,18719,18719,NA,18719,18719,1
"AFG",2016,17987,17987,NA,17987,17987,1
"ERI",2000,17203,17203,NA,17203,17203,1
"IRQ",2015,16437,16437,NA,16437,16437,1
"AFG",2015,12549,12549,NA,12549,12549,1
"IRQ",2017,12025,12025,NA,12025,12025,1
"IRQ",2018,11400,11400,NA,11400,11400,1
"IRQ",2016,11303,11303,NA,11303,11303,1
"LKA",2010,10418,10418,NA,10418,10418,1
"NGA",2015,10338,10338,NA,10338,10338,1
"SDN",2005,9714,9714,NA,9714,9714,1
"NGA",2016,9107,9107,NA,9107,9107,1
"MEX",2019,8803,8803,NA,8803,8803,1
"LKA",2009,8453,8453,NA,8453,8453,1
"AFG",2014,8131,8131,NA,8131,8131,1
"IRQ",2004,8021,8021,NA,8021,8021,1
"COD",2003,7931,7931,NA,7931,7931,1
"AFG",2013,7824,7824,NA,7824,7824,1
"AFG",2012,7563,7563,NA,7563,7563,1
"COD",2000,7541,7541,NA,7541,7541,1
"PAK",2010,7460,7460,NA,7460,7460,1
"YEM",2016,7239,7239,NA,7239,7239,1
"PAK",2011,7226,7226,NA,7226,7226,1
"AFG",2011,7151,7151,NA,7151,7151,1
"AFG",2008,7020,7020,NA,7020,7020,1
"AFG",2010,6499,6499,NA,6499,6499,1
"RUS",2000,6197,6197,NA,6197,6197,1
"COD",2018,6031,6031,NA,6031,6031,1
"AFG",2009,5660,5660,NA,5660,5660,1
"AFG",2002,5553,5553,NA,5553,5553,1
"AFG",2001,5394,5394,NA,5394,5394,1
"COD",2010,5069,5069,NA,5069,5069,1
"AFG",2000,5065,5065,NA,5065,5065,1
"SDN",2004,5010,5010,NA,5010,5010,1
"AFG",2007,4982,4982,NA,4982,4982,1
"YEM",2019,4840,4840,NA,4840,4840,1
"PAK",2009,4620,4620,NA,4620,4620,1
"IRQ",2007,4598,4598,NA,4598,4598,1
"COL",2002,4592,4592,NA,4592,4592,1
"UKR",2015,4528,4528,NA,4528,4528,1
"SLE",2000,4493,4493,NA,4493,4493,1
"IRQ",2008,4489,4489,NA,4489,4489,1
"NPL",2003,4432,4432,NA,4432,4432,1
"IRQ",2005,4366,4366,NA,4366,4366,1
"SYR",2012,4347,4347,NA,4347,4347,1
"COL",2003,4346,4346,NA,4346,4346,1
"RUS",2001,4333,4333,NA,4333,4333,1
"COD",2004,4328,4328,NA,4328,4328,1
"COL",2001,4293,4293,NA,4293,4293,1
"IND",2001,4093,4093,NA,4093,4093,1
"IRQ",2014,4010,4010,NA,4010,4010,1
"YEM",2017,3948,3948,NA,3948,3948,1
"LBY",2012,3914,3914,NA,3914,3914,1
"NGA",2017,3902,3902,NA,3902,3902,1
"SDN",2002,3719,3719,NA,3719,3719,1
"PAK",2015,3620,3620,NA,3620,3620,1
"MEX",2010,3598,3598,NA,3598,3598,1
"MEX",2011,3582,3582,NA,3582,3582,1
"NGA",2018,3572,3572,NA,3572,3572,1
"PAK",2013,3541,3541,NA,3541,3541,1
"SDN",2001,3537,3537,NA,3537,3537,1
"IRQ",2006,3521,3521,NA,3521,3521,1
"NGA",2000,3519,3519,NA,3519,3519,1
"CAF",2015,3494,3494,NA,3494,3494,1
"YEM",2018,3493,3493,NA,3493,3493,1
"PAK",2012,3475,3475,NA,3475,3475,1
"CAF",2014,3396,3396,NA,3396,3396,1
"NGA",2014,3382,3382,NA,3382,3382,1
"LBR",2004,3281,3281,NA,3281,3281,1
"SDN",2003,3227,3227,NA,3227,3227,1
"NGA",2019,3225,3225,NA,3225,3225,1
"COD",2019,3130,3130,NA,3130,3130,1
"COD",2001,3052,3052,NA,3052,3052,1
"IND",2003,3035,3035,NA,3035,3035,1
"SOM",2013,2989,2989,NA,2989,2989,1
"USA",2002,2986,2986,NA,2986,2986,1
"PAK",2014,2914,2914,NA,2914,2914,1
"MEX",2012,2893,2893,NA,2893,2893,1
"BRA",2018,2803,2803,NA,2803,2803,1
"IRQ",2009,2765,2765,NA,2765,2765,1
"SOM",2011,2722,2722,NA,2722,2722,1
"SDN",2010,2689,2689,NA,2689,2689,1
"AGO",2000,2666,2666,NA,2666,2666,1
"LKA",2001,2569,2569,NA,2569,2569,1
"SDN",2012,2567,2567,NA,2567,2567,1
"LKA",2008,2564,2564,NA,2564,2564,1
"IND",2000,2563,2563,NA,2563,2563,1
"SDN",2016,2552,2552,NA,2552,2552,1
"SOM",2019,2500,2500,NA,2500,2500,1
"SSD",2015,2491,2491,NA,2491,2491,1
"NPL",2005,2456,2456,NA,2456,2456,1
"PAK",2016,2450,2450,NA,2450,2450,1
"IND",2004,2426,2426,NA,2426,2426,1
"NGA",2002,2417,2417,NA,2417,2417,1
"MMR",2018,2395,2395,NA,2395,2395,1
"BRA",2019,2380,2380,NA,2380,2380,1
"LBY",2017,2349,2349,NA,2349,2349,1
"YEM",2013,2345,2345,NA,2345,2345,1
"LBR",2003,2259,2259,NA,2259,2259,1
"SOM",2010,2204,2204,NA,2204,2204,1
"COD",2014,2196,2196,NA,2196,2196,1
"COD",2017,2194,2194,NA,2194,2194,1
"MEX",2009,2188,2188,NA,2188,2188,1
"SDN",2007,2187,2187,NA,2187,2187,1
"LKA",2007,2173,2173,NA,2173,2173,1
"SRB",2000,2173,2173,NA,2173,2173,1
"IND",2007,2155,2155,NA,2155,2155,1
"AGO",2002,2154,2154,NA,2154,2154,1
"YEM",2015,2120,2120,NA,2120,2120,1
"NGA",2005,2118,2118,NA,2118,2118,1
"SOM",2012,2118,2118,NA,2118,2118,1
"NGA",2001,2104,2104,NA,2104,2104,1
"COL",2000,2093,2093,NA,2093,2093,1
"BDI",2001,2071,2071,NA,2071,2071,1
"SOM",2018,2071,2071,NA,2071,2071,1
"SDN",2000,2067,2067,NA,2067,2067,1
"SOM",2017,2065,2065,NA,2065,2065,1
"RWA",2002,2044,2044,NA,2044,2044,1
"NGA",2013,2016,2016,NA,2016,2016,1
"IND",2006,2015,2015,NA,2015,2015,1
"UGA",2005,2004,2004,NA,2004,2004,1
"SDN",2017,1994,1994,NA,1994,1994,1
"SDN",2014,1959,1959,NA,1959,1959,1
"TCD",2007,1956,1956,NA,1956,1956,1
"LKA",2000,1948,1948,NA,1948,1948,1
"MEX",2008,1943,1943,NA,1943,1943,1
"SDN",2015,1912,1912,NA,1912,1912,1
"IRQ",2011,1857,1857,NA,1857,1857,1
"IND",2009,1856,1856,NA,1856,1856,1
"CAF",2018,1849,1849,NA,1849,1849,1
"COD",2013,1842,1842,NA,1842,1842,1
"NGA",2012,1830,1830,NA,1830,1830,1
"SSD",2014,1827,1827,NA,1827,1827,1
"IDN",2000,1805,1805,NA,1805,1805,1
"ERI",2001,1793,1793,NA,1793,1793,1
"SDN",2011,1790,1790,NA,1790,1790,1
"COL",2005,1781,1781,NA,1781,1781,1
"PHL",2001,1761,1761,NA,1761,1761,1
"SOM",2009,1751,1751,NA,1751,1751,1
"COD",2009,1740,1740,NA,1740,1740,1
"NPL",2004,1732,1732,NA,1732,1732,1
"IND",2002,1730,1730,NA,1730,1730,1
"UKR",2016,1726,1726,NA,1726,1726,1
"COL",2006,1725,1725,NA,1725,1725,1
"IND",2008,1720,1720,NA,1720,1720,1
"IRQ",2010,1720,1720,NA,1720,1720,1
"AFG",2006,1711,1711,NA,1711,1711,1
"PHL",2018,1708,1708,NA,1708,1708,1
"MEX",2013,1699,1699,NA,1699,1699,1
"MEX",2016,1654,1654,NA,1654,1654,1
"MEX",2015,1646,1646,NA,1646,1646,1
"IND",2005,1642,1642,NA,1642,1642,1
"IND",2011,1633,1633,NA,1633,1633,1
"UGA",2004,1628,1628,NA,1628,1628,1
"COD",2015,1622,1622,NA,1622,1622,1
"IND",2010,1621,1621,NA,1621,1621,1
"SOM",2008,1620,1620,NA,1620,1620,1
"LBY",2016,1594,1594,NA,1594,1594,1
"BDI",2003,1576,1576,NA,1576,1576,1
"TUR",2017,1558,1558,NA,1558,1558,1
"SDN",2013,1525,1525,NA,1525,1525,1
"RUS",2003,1509,1509,NA,1509,1509,1
"SDN",2006,1505,1505,NA,1505,1505,1
"MEX",2018,1465,1465,NA,1465,1465,1
"LBY",2015,1455,1455,NA,1455,1455,1
"IRQ",2019,1443,1443,NA,1443,1443,1
"IRQ",2013,1407,1407,NA,1407,1407,1
"IRQ",2012,1399,1399,NA,1399,1399,1
"NPL",2006,1399,1399,NA,1399,1399,1
"COD",2002,1391,1391,NA,1391,1391,1
"PAK",2008,1366,1366,NA,1366,1366,1
"MEX",2017,1320,1320,NA,1320,1320,1
"RUS",2005,1317,1317,NA,1317,1317,1
"YEM",2012,1317,1317,NA,1317,1317,1
"UGA",2003,1316,1316,NA,1316,1316,1
"SSD",2017,1303,1303,NA,1303,1303,1
"MLI",2019,1281,1281,NA,1281,1281,1
"SSD",2018,1271,1271,NA,1271,1271,1
"CMR",2016,1263,1263,NA,1263,1263,1
"CIV",2012,1256,1256,NA,1256,1256,1
"BDI",2002,1253,1253,NA,1253,1253,1
"SOM",2016,1250,1250,NA,1250,1250,1
"SOM",2015,1247,1247,NA,1247,1247,1
"BDI",2004,1245,1245,NA,1245,1245,1
"SDN",2009,1241,1241,NA,1241,1241,1
"UGA",2001,1238,1238,NA,1238,1238,1
"SSD",2019,1217,1217,NA,1217,1217,1
"AGO",2001,1206,1206,NA,1206,1206,1
"SOM",2007,1204,1204,NA,1204,1204,1
"TUR",2000,1195,1195,NA,1195,1195,1
"SSD",2012,1194,1194,NA,1194,1194,1
"DZA",2001,1193,1193,NA,1193,1193,1
"COL",2004,1183,1183,NA,1183,1183,1
"SDN",2008,1180,1180,NA,1180,1180,1
"DZA",2000,1168,1168,NA,1168,1168,1
"LKA",2002,1162,1162,NA,1162,1162,1
"AFG",2003,1157,1157,NA,1157,1157,1
"SSD",2016,1137,1137,NA,1137,1137,1
"PHL",2004,1132,1132,NA,1132,1132,1
"PAK",2017,1100,1100,NA,1100,1100,1
"LBY",2018,1096,1096,NA,1096,1096,1
"ETH",2004,1093,1093,NA,1093,1093,1
"IDN",2005,1082,1082,NA,1082,1082,1
"TCD",2001,1070,1070,NA,1070,1070,1
"IDN",2004,1068,1068,NA,1068,1068,1
"TUR",2016,1061,1061,NA,1061,1061,1
"DZA",2003,1058,1058,NA,1058,1058,1
"CMR",2015,1047,1047,NA,1047,1047,1
"PHL",2010,1047,1047,NA,1047,1047,1
"SOM",2014,1045,1045,NA,1045,1045,1
"CIV",2003,1028,1028,NA,1028,1028,1
"UGA",2000,1024,1024,NA,1024,1024,1
"BDI",2000,1009,1009,NA,1009,1009,1
"CMR",2019,1007,1007,NA,1007,1007,1
"TCD",2009,994,994,NA,994,994,1
"RUS",2002,992,992,NA,992,992,1
"EGY",2016,991,991,NA,991,991,1
"NGA",2011,980,980,NA,980,980,1
"MMR",2013,971,971,NA,971,971,1
"PAK",2018,954,954,NA,954,954,1
"IND",2019,950,950,NA,950,950,1
"COG",2000,948,948,NA,948,948,1
"AFG",2004,944,944,NA,944,944,1
"UGA",2006,922,922,NA,922,922,1
"IDN",2001,917,917,NA,917,917,1
"EGY",2018,902,902,NA,902,902,1
"MLI",2014,881,881,NA,881,881,1
"COD",2008,879,879,NA,879,879,1
"SSD",2013,864,864,NA,864,864,1
"SLE",2001,856,856,NA,856,856,1
"IND",2018,847,847,NA,847,847,1
"IDN",2002,834,834,NA,834,834,1
"AFG",2005,817,817,NA,817,817,1
"MMR",2012,810,810,NA,810,810,1
"ETH",2003,809,809,NA,809,809,1
"IND",2013,801,801,NA,801,801,1
"COD",2011,799,799,NA,799,799,1
"IND",2012,798,798,NA,798,798,1
"COD",2005,795,795,NA,795,795,1
"PHL",2002,792,792,NA,792,792,1
"TUR",2013,789,789,NA,789,789,1
"KEN",2009,783,783,NA,783,783,1
"MEX",2014,776,776,NA,776,776,1
"PHL",2003,763,763,NA,763,763,1
"IDN",2003,762,762,NA,762,762,1
"IND",2017,761,761,NA,761,761,1
"MMR",2001,748,748,NA,748,748,1
"LBN",2007,747,747,NA,747,747,1
"CAF",2016,743,743,NA,743,743,1
"COD",2016,737,737,NA,737,737,1
"IND",2015,734,734,NA,734,734,1
"DZA",2004,714,714,NA,714,714,1
"MMR",2016,705,705,NA,705,705,1
"IND",2014,702,702,NA,702,702,1
"MMR",2008,700,700,NA,700,700,1
"RUS",2010,697,697,NA,697,697,1
"EGY",2019,692,692,NA,692,692,1
"CAF",2017,688,688,NA,688,688,1
"RUS",2006,688,688,NA,688,688,1
"ETH",2019,687,687,NA,687,687,1
"BDI",2005,679,679,NA,679,679,1
"DZA",2002,674,674,NA,674,674,1
"LBY",2019,670,670,NA,670,670,1
"SOM",2005,670,670,NA,670,670,1
"MEX",2007,669,669,NA,669,669,1
"CAF",2019,640,640,NA,640,640,1
"SOM",2003,638,638,NA,638,638,1
"PHL",2016,628,628,NA,628,628,1
"IND",2016,622,622,NA,622,622,1
"GEO",2009,621,621,NA,621,621,1
"PHL",2017,616,616,NA,616,616,1
"NGA",2003,612,612,NA,612,612,1
"MLI",2018,605,605,NA,605,605,1
"ETH",2010,590,590,NA,590,590,1
"COL",2007,588,588,NA,588,588,1
"YEM",2014,582,582,NA,582,582,1
"AGO",2003,579,579,NA,579,579,1
"NPL",2002,569,569,NA,569,569,1
"NPL",2007,566,566,NA,566,566,1
"PHL",2009,566,566,NA,566,566,1
"SDN",2018,548,548,NA,548,548,1
"MMR",2003,543,543,NA,543,543,1
"SOM",2000,542,542,NA,542,542,1
"DZA",2010,541,541,NA,541,541,1
"THA",2007,541,541,NA,541,541,1
"RUS",2004,539,539,NA,539,539,1
"PHL",2014,537,537,NA,537,537,1
"NER",2016,533,533,NA,533,533,1
"NGA",2010,530,530,NA,530,530,1
"ETH",2017,529,529,NA,529,529,1
"RUS",2013,525,525,NA,525,525,1
"THA",2008,518,518,NA,518,518,1
"COD",2012,511,511,NA,511,511,1
"TUR",2008,502,502,NA,502,502,1
"DZA",2005,500,500,NA,500,500,1
"ETH",2008,500,500,NA,500,500,1
"DZA",2008,495,495,NA,495,495,1
"THA",2006,494,494,NA,494,494,1
"CIV",2004,492,492,NA,492,492,1
"CMR",2017,491,491,NA,491,491,1
"TUR",2009,491,491,NA,491,491,1
"PHL",2006,487,487,NA,487,487,1
"PHL",2015,484,484,NA,484,484,1
"PAK",2019,483,483,NA,483,483,1
"PHL",2008,483,483,NA,483,483,1
"SOM",2002,483,483,NA,483,483,1
"LBR",2002,481,481,NA,481,481,1
"RUS",2011,481,481,NA,481,481,1
"ETH",2005,475,475,NA,475,475,1
"ETH",2018,475,475,NA,475,475,1
"PHL",2005,470,470,NA,470,470,1
"TUR",2018,455,455,NA,455,455,1
"MMR",2007,452,452,NA,452,452,1
"MMR",2006,447,447,NA,447,447,1
"NGA",2004,443,443,NA,443,443,1
"COL",2011,442,442,NA,442,442,1
"PHL",2019,436,436,NA,436,436,1
"TGO",2006,436,436,NA,436,436,1
"TUR",2019,435,435,NA,435,435,1
"PHL",2007,434,434,NA,434,434,1
"SDN",2019,432,432,NA,432,432,1
"TCD",2008,431,431,NA,431,431,1
"ETH",2007,430,430,NA,430,430,1
"GIN",2002,430,430,NA,430,430,1
"PAK",2005,430,430,NA,430,430,1
"PAK",2007,427,427,NA,427,427,1
"NGA",2009,425,425,NA,425,425,1
"COL",2010,419,419,NA,419,419,1
"UKR",2018,415,415,NA,415,415,1
"PHL",2012,414,414,NA,414,414,1
"CMR",2018,410,410,NA,410,410,1
"RUS",2009,410,410,NA,410,410,1
"TUR",2012,410,410,NA,410,410,1
"SOM",2004,405,405,NA,405,405,1
"EGY",2017,404,404,NA,404,404,1
"TCD",2016,397,397,NA,397,397,1
"RUS",2012,396,396,NA,396,396,1
"TCD",2000,394,394,NA,394,394,1
"COD",2007,390,390,NA,390,390,1
"KEN",2016,389,389,NA,389,389,1
"ETH",2002,388,388,NA,388,388,1
"ETH",2013,385,385,NA,385,385,1
"MMR",2002,385,385,NA,385,385,1
"BDI",2006,378,378,NA,378,378,1
"LBY",2013,378,378,NA,378,378,1
"PHL",2011,372,372,NA,372,372,1
"MMR",2000,369,369,NA,369,369,1
"NPL",2001,365,365,NA,365,365,1
"RUS",2014,365,365,NA,365,365,1
"COL",2008,362,362,NA,362,362,1
"MLI",2013,359,359,NA,359,359,1
"MMR",2014,358,358,NA,358,358,1
"DZA",2009,345,345,NA,345,345,1
"KEN",2015,344,344,NA,344,344,1
"SOM",2006,340,340,NA,340,340,1
"UGA",2007,334,334,NA,334,334,1
"THA",2009,328,328,NA,328,328,1
"COD",2006,314,314,NA,314,314,1
"ETH",2009,311,311,NA,311,311,1
"PHL",2013,311,311,NA,311,311,1
"THA",2005,310,310,NA,310,310,1
"KEN",2013,309,309,NA,309,309,1
"IRQ",2000,308,308,NA,308,308,1
"ETH",2016,307,307,NA,307,307,1
"CIV",2005,304,304,NA,304,304,1
"NER",2017,299,299,NA,299,299,1
"LBN",2018,297,297,NA,297,297,1
"TCD",2003,297,297,NA,297,297,1
"UZB",2001,297,297,NA,297,297,1
"NPL",2000,295,295,NA,295,295,1
"TUR",2006,295,295,NA,295,295,1
"DZA",2007,292,292,NA,292,292,1
"MLI",2015,291,291,NA,291,291,1
"ETH",2006,290,290,NA,290,290,1
"THA",2012,277,277,NA,277,277,1
"DZA",2012,276,276,NA,276,276,1
"MMR",2004,272,272,NA,272,272,1
"BRA",2013,270,270,NA,270,270,1
"KEN",2014,267,267,NA,267,267,1
"TCD",2006,267,267,NA,267,267,1
"DZA",2013,264,264,NA,264,264,1
"BDI",2016,260,260,NA,260,260,1
"RUS",2007,260,260,NA,260,260,1
"THA",2010,258,258,NA,258,258,1
"GIN",2001,256,256,NA,256,256,1
"MLI",2016,256,256,NA,256,256,1
"MMR",2015,256,256,NA,256,256,1
"NER",2018,255,255,NA,255,255,1
"UKR",2017,255,255,NA,255,255,1
"KEN",2001,254,254,NA,254,254,1
"ZWE",2009,253,253,NA,253,253,1
"COL",2009,252,252,NA,252,252,1
"DZA",2011,252,252,NA,252,252,1
"EGY",2015,249,249,NA,249,249,1
"THA",2014,249,249,NA,249,249,1
"COL",2019,245,245,NA,245,245,1
"CAF",2010,244,244,NA,244,244,1
"THA",2013,244,244,NA,244,244,1
"UKR",2019,243,243,NA,243,243,1
"IDN",2006,242,242,NA,242,242,1
"PAK",2004,242,242,NA,242,242,1
"COG",2003,234,234,NA,234,234,1
"DZA",2006,232,232,NA,232,232,1
"HTI",2005,231,231,NA,231,231,1
"TUR",2011,231,231,NA,231,231,1
"TCD",2002,230,230,NA,230,230,1
"KEN",2000,229,229,NA,229,229,1
"KEN",2018,228,228,NA,228,228,1
"LBN",2015,228,228,NA,228,228,1
"COL",2012,227,227,NA,227,227,1
"COL",2013,227,227,NA,227,227,1
"TUR",2007,226,226,NA,226,226,1
"MMR",2010,225,225,NA,225,225,1
"NGA",2007,225,225,NA,225,225,1
"DZA",2014,222,222,NA,222,222,1
"TUR",2005,221,221,NA,221,221,1
"BDI",2009,220,220,NA,220,220,1
"IRN",2012,220,220,NA,220,220,1
"MEX",2005,220,220,NA,220,220,1
"KEN",2007,219,219,NA,219,219,1
"PHL",2000,219,219,NA,219,219,1
"THA",2011,218,218,NA,218,218,1
"CAF",2002,216,216,NA,216,216,1
"NGA",2006,216,216,NA,216,216,1
"KEN",2006,215,215,NA,215,215,1
"UGA",2002,212,212,NA,212,212,1
"MEX",2006,204,204,NA,204,204,1
"YEM",2011,201,201,NA,201,201,1
"KEN",2008,200,200,NA,200,200,1
"LBN",2016,200,200,NA,200,200,1
"GNB",2000,199,199,NA,199,199,1
"BFA",2019,195,195,NA,195,195,1
"CAF",2012,195,195,NA,195,195,1
"IRQ",2001,193,193,NA,193,193,1
"KEN",2002,192,192,NA,192,192,1
"ESP",2005,191,191,NA,191,191,1
"CAF",2007,190,190,NA,190,190,1
"CHN",2010,189,189,NA,189,189,1
"BDI",2007,185,185,NA,185,185,1
"MMR",2011,185,185,NA,185,185,1
"SOM",2001,185,185,NA,185,185,1
"MMR",2017,183,183,NA,183,183,1
"MLI",2017,182,182,NA,182,182,1
"RUS",2008,182,182,NA,182,182,1
"NER",2019,181,181,NA,181,181,1
"LBN",2014,179,179,NA,179,179,1
"MMR",2005,177,177,NA,177,177,1
"RUS",2015,176,176,NA,176,176,1
"KGZ",2001,174,174,NA,174,174,1
"MOZ",2019,173,173,NA,173,173,1
"KEN",2010,170,170,NA,170,170,1
"PAK",2003,170,170,NA,170,170,1
"TCD",2019,168,168,NA,168,168,1
"IRN",2010,167,167,NA,167,167,1
"KEN",2019,164,164,NA,164,164,1
"GIN",2010,160,160,NA,160,160,1
"COL",2015,156,156,NA,156,156,1
"UGA",2008,156,156,NA,156,156,1
"CIV",2006,153,153,NA,153,153,1
"NGA",2008,153,153,NA,153,153,1
"PAK",2006,153,153,NA,153,153,1
"TUR",2001,153,153,NA,153,153,1
"CAF",2003,152,152,NA,152,152,1
"ETH",2011,152,152,NA,152,152,1
"TUR",2004,150,150,NA,150,150,1
"CAF",2011,148,148,NA,148,148,1
"KEN",2012,144,144,NA,144,144,1
"CAF",2008,143,143,NA,143,143,1
"COL",2016,143,143,NA,143,143,1
"COL",2014,140,140,NA,140,140,1
"TUR",2010,138,138,NA,138,138,1
"AZE",2017,137,137,NA,137,137,1
"EGY",2014,135,135,NA,135,135,1
"TCD",2010,135,135,NA,135,135,1
"TUN",2016,135,135,NA,135,135,1
"FRA",2016,133,133,NA,133,133,1
"CAF",2013,132,132,NA,132,132,1
"CIV",2001,132,132,NA,132,132,1
"KEN",2017,130,130,NA,130,130,1
"LKA",2006,130,130,NA,130,130,1
"MLI",2010,127,127,NA,127,127,1
"SEN",2007,126,126,NA,126,126,1
"SAU",2017,125,125,NA,125,125,1
"EGY",2006,124,124,NA,124,124,1
"MMR",2019,122,122,NA,122,122,1
"TUR",2002,120,120,NA,120,120,1
"IRN",2009,117,117,NA,117,117,1
"JAM",2002,116,116,NA,116,116,1
"BDI",2019,113,113,NA,113,113,1
"MDG",2010,113,113,NA,113,113,1
"MLI",2009,113,113,NA,113,113,1
"IRN",2002,112,112,NA,112,112,1
"DZA",2015,111,111,NA,111,111,1
"IRQ",2003,111,111,NA,111,111,1
"DZA",2016,110,110,NA,110,110,1
"SAU",2016,110,110,NA,110,110,1
"BGD",2001,105,105,NA,105,105,1
"MMR",2009,102,102,NA,102,102,1
"IRN",2011,101,101,NA,101,101,1
"LBR",2001,101,101,NA,101,101,1
"THA",2015,100,100,NA,100,100,1
"GIN",2014,98,98,NA,98,98,1
"NER",2008,98,98,NA,98,98,1
"TJK",2011,98,98,NA,98,98,1
"BGD",2007,96,96,NA,96,96,1
"YEM",2010,94,94,NA,94,94,1
"IRN",2019,92,92,NA,92,92,1
"SAU",2005,91,91,NA,91,91,1
"TCD",2018,91,91,NA,91,91,1
"DZA",2017,89,89,NA,89,89,1
"PER",2000,89,89,NA,89,89,1
"ETH",2014,88,88,NA,88,88,1
"TUN",2017,88,88,NA,88,88,1
"CHN",2009,87,87,NA,87,87,1
"COL",2018,87,87,NA,87,87,1
"FRA",2017,87,87,NA,87,87,1
"KEN",2011,87,87,NA,87,87,1
"BRA",2005,86,86,NA,86,86,1
"IRN",2008,86,86,NA,86,86,1
"RUS",2016,86,86,NA,86,86,1
"AGO",2004,84,84,NA,84,84,1
"LKA",2005,84,84,NA,84,84,1
"THA",2016,84,84,NA,84,84,1
"BDI",2017,81,81,NA,81,81,1
"BGD",2006,80,80,NA,80,80,1
"CIV",2011,80,80,NA,80,80,1
"BDI",2008,79,79,NA,79,79,1
"MDG",2003,79,79,NA,79,79,1
"RUS",2017,78,78,NA,78,78,1
"TCD",2005,78,78,NA,78,78,1
"VEN",2019,78,78,NA,78,78,1
"DZA",2018,77,77,NA,77,77,1
"EGY",2013,75,75,NA,75,75,1
"BRA",2002,74,74,NA,74,74,1
"LBN",2000,74,74,NA,74,74,1
"UGA",2011,74,74,NA,74,74,1
"BGD",2017,73,73,NA,73,73,1
"COG",2017,73,73,NA,73,73,1
"LAO",2007,73,73,NA,73,73,1
"SLE",2002,73,73,NA,73,73,1
"MKD",2002,72,72,NA,72,72,1
"VEN",2018,72,72,NA,72,72,1
"HTI",2019,71,71,NA,71,71,1
"BDI",2015,70,70,NA,70,70,1
"LBR",2000,70,70,NA,70,70,1
"MYS",2014,70,70,NA,70,70,1
"IRN",2017,69,69,NA,69,69,1
"THA",2017,69,69,NA,69,69,1
"MOZ",2017,68,68,NA,68,68,1
"ETH",2012,66,66,NA,66,66,1
"NAM",2001,66,66,NA,66,66,1
"PNG",2002,65,65,NA,65,65,1
"AZE",2016,63,63,NA,63,63,1
"BGD",2002,62,62,NA,62,62,1
"BRA",2000,62,62,NA,62,62,1
"BRA",2003,61,61,NA,61,61,1
"IRN",2007,61,61,NA,61,61,1
"THA",2019,61,61,NA,61,61,1
"PNG",2000,60,60,NA,60,60,1
"JOR",2006,59,59,NA,59,59,1
"MLI",2000,59,59,NA,59,59,1
"PAK",2001,59,59,NA,59,59,1
"UGA",2010,59,59,NA,59,59,1
"VEN",2017,59,59,NA,59,59,1
"GTM",2006,58,58,NA,58,58,1
"HND",2011,58,58,NA,58,58,1
"IRN",2018,58,58,NA,58,58,1
"ERI",2004,57,57,NA,57,57,1
"PAK",2000,57,57,NA,57,57,1
"PNG",2013,57,57,NA,57,57,1
"IRQ",2002,56,56,NA,56,56,1
"LBN",2001,56,56,NA,56,56,1
"LBN",2017,56,56,NA,56,56,1
"NER",2009,56,56,NA,56,56,1
"SEN",2001,56,56,NA,56,56,1
"GHA",2009,55,55,NA,55,55,1
"BFA",2018,54,54,NA,54,54,1
"BGD",2014,54,54,NA,54,54,1
"BRA",2006,54,54,NA,54,54,1
"PER",2010,54,54,NA,54,54,1
"GBR",2006,53,53,NA,53,53,1
"IRN",2006,53,53,NA,53,53,1
"LBN",2013,53,53,NA,53,53,1
"RUS",2018,53,53,NA,53,53,1
"BGD",2005,51,51,NA,51,51,1
"TUN",2015,51,51,NA,51,51,1
"BOL",2001,50,50,NA,50,50,1
"GHA",2002,50,50,NA,50,50,1
"THA",2018,50,50,NA,50,50,1
"UZB",2000,50,50,NA,50,50,1
"CIV",2017,49,49,NA,49,49,1
"BGD",2018,48,48,NA,48,48,1
"HND",2004,47,47,NA,47,47,1
"SEN",2002,47,47,NA,47,47,1
"AZE",2015,46,46,NA,46,46,1
"BRA",2001,46,46,NA,46,46,1
"SEN",2006,46,46,NA,46,46,1
"TJK",2001,46,46,NA,46,46,1
"GIN",2008,45,45,NA,45,45,1
"KEN",2003,45,45,NA,45,45,1
"MOZ",2014,45,45,NA,45,45,1
"SAU",2018,45,45,NA,45,45,1
"SEN",2003,45,45,NA,45,45,1
"KGZ",2011,44,44,NA,44,44,1
"VEN",2015,44,44,NA,44,44,1
"BDI",2018,43,43,NA,43,43,1
"BRA",2004,43,43,NA,43,43,1
"PAK",2002,42,42,NA,42,42,1
"GTM",2009,41,41,NA,41,41,1
"IRN",2001,41,41,NA,41,41,1
"BRA",2008,40,40,NA,40,40,1
"BRA",2010,40,40,NA,40,40,1
"HTI",2006,40,40,NA,40,40,1
"PER",2009,40,40,NA,40,40,1
"ETH",2015,39,39,NA,39,39,1
"MLI",2008,39,39,NA,39,39,1
"SEN",2004,39,39,NA,39,39,1
"AGO",2005,38,38,NA,38,38,1
"COL",2017,38,38,NA,38,38,1
"LBN",2009,38,38,NA,38,38,1
"RUS",2019,38,38,NA,38,38,1
"JOR",2017,37,37,NA,37,37,1
"SEN",2012,37,37,NA,37,37,1
"TCD",2004,37,37,NA,37,37,1
"TZA",2002,37,37,NA,37,37,1
"UZB",2005,37,37,NA,37,37,1
"AZE",2018,36,36,NA,36,36,1
"GHA",2003,36,36,NA,36,36,1
"LBY",2014,36,36,NA,36,36,1
"DJI",2009,35,35,NA,35,35,1
"DZA",2019,35,35,NA,35,35,1
"EGY",2005,35,35,NA,35,35,1
"BEL",2017,34,34,NA,34,34,1
"BRA",2012,34,34,NA,34,34,1
"BRA",2017,34,34,NA,34,34,1
"MAR",2004,34,34,NA,34,34,1
"TUR",2003,34,34,NA,34,34,1
"COG",2004,33,33,NA,33,33,1
"LKA",2004,33,33,NA,33,33,1
"VEN",2013,33,33,NA,33,33,1
"IDN",2019,32,32,NA,32,32,1
"PER",2008,32,32,NA,32,32,1
"UGA",2009,32,32,NA,32,32,1
"VEN",2016,32,32,NA,32,32,1
"EGY",2012,31,31,NA,31,31,1
"NER",2014,31,31,NA,31,31,1
"NPL",2008,31,31,NA,31,31,1
"SAU",2006,31,31,NA,31,31,1
"SEN",2000,31,31,NA,31,31,1
"VEN",2005,31,31,NA,31,31,1
"AZE",2009,30,30,NA,30,30,1
"GHA",2001,30,30,NA,30,30,1
"HND",2005,30,30,NA,30,30,1
"MOZ",2015,30,30,NA,30,30,1
"UGA",2017,30,30,NA,30,30,1
"VEN",2006,30,30,NA,30,30,1
"GUY",2009,29,29,NA,29,29,1
"PER",2011,29,29,NA,29,29,1
"RWA",2000,29,29,NA,29,29,1
"TUN",2014,29,29,NA,29,29,1
"BGD",2019,28,28,NA,28,28,1
"MLI",2011,28,28,NA,28,28,1
"TJK",2012,28,28,NA,28,28,1
"YEM",2005,28,28,NA,28,28,1
"GEO",2005,27,27,NA,27,27,1
"GTM",2012,27,27,NA,27,27,1
"RWA",2017,27,27,NA,27,27,1
"VEN",2001,27,27,NA,27,27,1
"VEN",2002,27,27,NA,27,27,1
"VEN",2003,27,27,NA,27,27,1
"VEN",2009,27,27,NA,27,27,1
"AGO",2008,26,26,NA,26,26,1
"AGO",2017,26,26,NA,26,26,1
"AGO",2018,26,26,NA,26,26,1
"BFA",2017,26,26,NA,26,26,1
"BHR",2012,26,26,NA,26,26,1
"ECU",2004,26,26,NA,26,26,1
"KWT",2016,26,26,NA,26,26,1
"MEX",2003,26,26,NA,26,26,1
"SAU",2004,26,26,NA,26,26,1
"TCD",2017,26,26,NA,26,26,1
"THA",2004,26,26,NA,26,26,1
"VEN",2000,26,26,NA,26,26,1
"AGO",2010,25,25,NA,25,25,1
"DJI",2000,25,25,NA,25,25,1
"ECU",2009,25,25,NA,25,25,1
"ERI",2017,25,25,NA,25,25,1
"GIN",2012,25,25,NA,25,25,1
"IRN",2016,25,25,NA,25,25,1
"THA",2002,25,25,NA,25,25,1
"TUN",2019,25,25,NA,25,25,1
"VEN",2004,25,25,NA,25,25,1
"VEN",2010,25,25,NA,25,25,1
"AGO",2019,24,24,NA,24,24,1
"AZE",2006,24,24,NA,24,24,1
"CAF",2005,23,23,NA,23,23,1
"CAN",2001,23,23,NA,23,23,1
"MLI",2012,23,23,NA,23,23,1
"SEN",2013,23,23,NA,23,23,1
"THA",2003,23,23,NA,23,23,1
"TUR",2014,23,23,NA,23,23,1
"BRA",2007,22,22,NA,22,22,1
"VEN",2007,22,22,NA,22,22,1
"VEN",2011,22,22,NA,22,22,1
"AZE",2012,21,21,NA,21,21,1
"CIV",2013,21,21,NA,21,21,1
"HND",2015,21,21,NA,21,21,1
"PER",2002,21,21,NA,21,21,1
"TUN",2003,21,21,NA,21,21,1
"YEM",2009,21,21,NA,21,21,1
"AZE",2011,20,20,NA,20,20,1
"BRA",2009,20,20,NA,20,20,1
"COG",2018,20,20,NA,20,20,1
"ESP",2001,20,20,NA,20,20,1
"GTM",2016,20,20,NA,20,20,1
"IDN",2014,20,20,NA,20,20,1
"KEN",2005,20,20,NA,20,20,1
"MLI",2005,20,20,NA,20,20,1
"CAF",2004,19,19,NA,19,19,1
"IRN",2000,19,19,NA,19,19,1
"SEN",2010,19,19,NA,19,19,1
"SEN",2011,19,19,NA,19,19,1
"ZAF",2000,19,19,NA,19,19,1
"AZE",2000,18,18,NA,18,18,1
"BGD",2008,18,18,NA,18,18,1
"BRA",2016,18,18,NA,18,18,1
"HND",2009,18,18,NA,18,18,1
"HND",2012,18,18,NA,18,18,1
"HND",2013,18,18,NA,18,18,1
"IRN",2013,17,17,NA,17,17,1
"LKA",2003,17,17,NA,17,17,1
"TJK",2010,17,17,NA,17,17,1
"ARM",2016,16,16,NA,16,16,1
"AZE",2013,16,16,NA,16,16,1
"AZE",2019,16,16,NA,16,16,1
"ESP",2018,16,16,NA,16,16,1
"RWA",2005,16,16,NA,16,16,1
"TCD",2015,16,16,NA,16,16,1
"UZB",2010,16,16,NA,16,16,1
"VEN",2008,16,16,NA,16,16,1
"AGO",2006,15,15,NA,15,15,1
"COG",2006,15,15,NA,15,15,1
"GIN",2007,15,15,NA,15,15,1
"JAM",2003,15,15,NA,15,15,1
"MDG",2013,15,15,NA,15,15,1
"PER",2012,15,15,NA,15,15,1
"TUN",2018,15,15,NA,15,15,1
"BGD",2000,14,14,NA,14,14,1
"KGZ",2000,14,14,NA,14,14,1
"PER",2015,14,14,NA,14,14,1
"USA",2016,14,14,NA,14,14,1
"AZE",2001,13,13,NA,13,13,1
"BGD",2009,13,13,NA,13,13,1
"ESP",2002,13,13,NA,13,13,1
"FRA",2019,13,13,NA,13,13,1
"GIN",2000,13,13,NA,13,13,1
"IDN",2007,13,13,NA,13,13,1
"MOZ",2006,13,13,NA,13,13,1
"MRT",2012,13,13,NA,13,13,1
"PER",2003,13,13,NA,13,13,1
"PER",2004,13,13,NA,13,13,1
"PNG",2001,13,13,NA,13,13,1
"RWA",2013,13,13,NA,13,13,1
"AZE",2008,12,12,NA,12,12,1
"CHN",2006,12,12,NA,12,12,1
"DEU",2017,12,12,NA,12,12,1
"IDN",2015,12,12,NA,12,12,1
"MLI",2006,12,12,NA,12,12,1
"MRT",2009,12,12,NA,12,12,1
"AZE",2014,11,11,NA,11,11,1
"CAN",2000,11,11,NA,11,11,1
"CIV",2007,11,11,NA,11,11,1
"HTI",2000,11,11,NA,11,11,1
"IRN",2014,11,11,NA,11,11,1
"PER",2007,11,11,NA,11,11,1
"PER",2017,11,11,NA,11,11,1
"SAU",2007,11,11,NA,11,11,1
"SAU",2019,11,11,NA,11,11,1
"SEN",2009,11,11,NA,11,11,1
"TUR",2015,11,11,NA,11,11,1
"AGO",2011,10,10,NA,10,10,1
"BGD",2010,10,10,NA,10,10,1
"BGD",2016,10,10,NA,10,10,1
"HND",2017,10,10,NA,10,10,1
"KHM",2012,10,10,NA,10,10,1
"RWA",2018,10,10,NA,10,10,1
"VEN",2012,10,10,NA,10,10,1
"ARM",2013,9,9,NA,9,9,1
"BDI",2013,9,9,NA,9,9,1
"BDI",2014,9,9,NA,9,9,1
"GIN",2013,9,9,NA,9,9,1
"HND",2000,9,9,NA,9,9,1
"IDN",2012,9,9,NA,9,9,1
"NPL",2010,9,9,NA,9,9,1
"PER",2016,9,9,NA,9,9,1
"AZE",2005,8,8,NA,8,8,1
"BGD",2004,8,8,NA,8,8,1
"CAF",2006,8,8,NA,8,8,1
"CAF",2009,8,8,NA,8,8,1
"GHA",2010,8,8,NA,8,8,1
"GMB",2006,8,8,NA,8,8,1
"HTI",2018,8,8,NA,8,8,1
"SEN",2014,8,8,NA,8,8,1
"SYR",2005,8,8,NA,8,8,1
"THA",2001,8,8,NA,8,8,1
"TJK",2007,8,8,NA,8,8,1
"TUN",2012,8,8,NA,8,8,1
"USA",2018,8,8,NA,8,8,1
"AZE",2010,7,7,NA,7,7,1
"JAM",2004,7,7,NA,7,7,1
"KEN",2004,7,7,NA,7,7,1
"LAO",2001,7,7,NA,7,7,1
"MOZ",2011,7,7,NA,7,7,1
"PER",2018,7,7,NA,7,7,1
"PNG",2003,7,7,NA,7,7,1
"UGA",2015,7,7,NA,7,7,1
"ZMB",2002,7,7,NA,7,7,1
"ALB",2000,6,6,NA,6,6,1
"AZE",2002,6,6,NA,6,6,1
"BGD",2003,6,6,NA,6,6,1
"CAF",2001,6,6,NA,6,6,1
"CHN",2018,6,6,NA,6,6,1
"DJI",2019,6,6,NA,6,6,1
"HND",2001,6,6,NA,6,6,1
"IDN",2009,6,6,NA,6,6,1
"KGZ",2007,6,6,NA,6,6,1
"LBY",2009,6,6,NA,6,6,1
"MKD",2000,6,6,NA,6,6,1
"RWA",2019,6,6,NA,6,6,1
"VEN",2014,6,6,NA,6,6,1
"YEM",2004,6,6,NA,6,6,1
"AZE",2007,5,5,NA,5,5,1
"BGD",2011,5,5,NA,5,5,1
"CAF",2000,5,5,NA,5,5,1
"CHN",2016,5,5,NA,5,5,1
"EGY",2001,5,5,NA,5,5,1
"ESP",2003,5,5,NA,5,5,1
"GTM",2002,5,5,NA,5,5,1
"GTM",2008,5,5,NA,5,5,1
"IRN",2015,5,5,NA,5,5,1
"LAO",2004,5,5,NA,5,5,1
"LKA",2014,5,5,NA,5,5,1
"MLI",2003,5,5,NA,5,5,1
"NAM",2003,5,5,NA,5,5,1
"NER",2015,5,5,NA,5,5,1
"PER",2001,5,5,NA,5,5,1
"SWE",2018,5,5,NA,5,5,1
"AGO",2009,4,4,NA,4,4,1
"ARM",2017,4,4,NA,4,4,1
"BEL",2019,4,4,NA,4,4,1
"BRA",2011,4,4,NA,4,4,1
"BRA",2014,4,4,NA,4,4,1
"CIV",2009,4,4,NA,4,4,1
"CIV",2014,4,4,NA,4,4,1
"EGY",2000,4,4,NA,4,4,1
"FRA",2013,4,4,NA,4,4,1
"IDN",2016,4,4,NA,4,4,1
"KHM",2001,4,4,NA,4,4,1
"LAO",2003,4,4,NA,4,4,1
"LAO",2005,4,4,NA,4,4,1
"LBN",2002,4,4,NA,4,4,1
"LBN",2012,4,4,NA,4,4,1
"MRT",2008,4,4,NA,4,4,1
"NER",2005,4,4,NA,4,4,1
"RWA",2014,4,4,NA,4,4,1
"TCD",2011,4,4,NA,4,4,1
"TJK",2000,4,4,NA,4,4,1
"TJK",2019,4,4,NA,4,4,1
"ZWE",2019,4,4,NA,4,4,1
"AGO",2007,3,3,NA,3,3,1
"CIV",2008,3,3,NA,3,3,1
"COG",2002,3,3,NA,3,3,1
"ESP",2004,3,3,NA,3,3,1
"ESP",2010,3,3,NA,3,3,1
"GBR",2003,3,3,NA,3,3,1
"GEO",2011,3,3,NA,3,3,1
"GIN",2006,3,3,NA,3,3,1
"GIN",2016,3,3,NA,3,3,1
"LBN",2006,3,3,NA,3,3,1
"MKD",2001,3,3,NA,3,3,1
"MOZ",2016,3,3,NA,3,3,1
"MOZ",2018,3,3,NA,3,3,1
"PER",2005,3,3,NA,3,3,1
"PER",2014,3,3,NA,3,3,1
"SEN",2005,3,3,NA,3,3,1
"TJK",2014,3,3,NA,3,3,1
"TJK",2015,3,3,NA,3,3,1
"TUN",2013,3,3,NA,3,3,1
"TZA",2008,3,3,NA,3,3,1
"ZAF",2017,3,3,NA,3,3,1
"AGO",2014,2,2,NA,2,2,1
"ARM",2007,2,2,NA,2,2,1
"AUS",2019,2,2,NA,2,2,1
"BGD",2013,2,2,NA,2,2,1
"BGD",2015,2,2,NA,2,2,1
"CIV",2002,2,2,NA,2,2,1
"CMR",2001,2,2,NA,2,2,1
"COG",2008,2,2,NA,2,2,1
"COG",2013,2,2,NA,2,2,1
"ECU",2002,2,2,NA,2,2,1
"EGY",2007,2,2,NA,2,2,1
"EGY",2009,2,2,NA,2,2,1
"ESP",2009,2,2,NA,2,2,1
"FRA",2008,2,2,NA,2,2,1
"FRA",2018,2,2,NA,2,2,1
"GBR",2010,2,2,NA,2,2,1
"GTM",2003,2,2,NA,2,2,1
"IDN",2008,2,2,NA,2,2,1
"IDN",2018,2,2,NA,2,2,1
"IRN",2004,2,2,NA,2,2,1
"KHM",2008,2,2,NA,2,2,1
"KHM",2009,2,2,NA,2,2,1
"KHM",2010,2,2,NA,2,2,1
"LAO",2000,2,2,NA,2,2,1
"LBN",2019,2,2,NA,2,2,1
"LKA",2012,2,2,NA,2,2,1
"MOZ",2013,2,2,NA,2,2,1
"RWA",2010,2,2,NA,2,2,1
"SAU",2008,2,2,NA,2,2,1
"UGA",2019,2,2,NA,2,2,1
"USA",2011,2,2,NA,2,2,1
"ZAF",2003,2,2,NA,2,2,1
"AGO",2012,1,1,NA,1,1,1
"AGO",2016,1,1,NA,1,1,1
"ARE",2011,1,1,NA,1,1,1
"ARM",2006,1,1,NA,1,1,1
"ARM",2014,1,1,NA,1,1,1
"ARM",2019,1,1,NA,1,1,1
"BDI",2012,1,1,NA,1,1,1
"BRA",2015,1,1,NA,1,1,1
"CAN",2002,1,1,NA,1,1,1
"CIV",2010,1,1,NA,1,1,1
"CMR",2014,1,1,NA,1,1,1
"COG",2009,1,1,NA,1,1,1
"COG",2012,1,1,NA,1,1,1
"DJI",2015,1,1,NA,1,1,1
"EGY",2010,1,1,NA,1,1,1
"EGY",2011,1,1,NA,1,1,1
"ESP",2012,1,1,NA,1,1,1
"GBR",2001,1,1,NA,1,1,1
"GBR",2002,1,1,NA,1,1,1
"GBR",2004,1,1,NA,1,1,1
"GBR",2005,1,1,NA,1,1,1
"GBR",2012,1,1,NA,1,1,1
"GHA",2011,1,1,NA,1,1,1
"GIN",2011,1,1,NA,1,1,1
"GMB",2005,1,1,NA,1,1,1
"GMB",2013,1,1,NA,1,1,1
"GTM",2005,1,1,NA,1,1,1
"GTM",2010,1,1,NA,1,1,1
"HND",2003,1,1,NA,1,1,1
"IDN",2013,1,1,NA,1,1,1
"JOR",2016,1,1,NA,1,1,1
"KGZ",2016,1,1,NA,1,1,1
"KHM",2004,1,1,NA,1,1,1
"KHM",2013,1,1,NA,1,1,1
"LBN",2004,1,1,NA,1,1,1
"LKA",2018,1,1,NA,1,1,1
"MDG",2018,1,1,NA,1,1,1
"MOZ",2005,1,1,NA,1,1,1
"MRT",2010,1,1,NA,1,1,1
"MRT",2011,1,1,NA,1,1,1
"MRT",2013,1,1,NA,1,1,1
"MYS",2018,1,1,NA,1,1,1
"NAM",2000,1,1,NA,1,1,1
"NER",2013,1,1,NA,1,1,1
"SEN",2019,1,1,NA,1,1,1
"SLE",2003,1,1,NA,1,1,1
"SYR",2009,1,1,NA,1,1,1
"THA",2000,1,1,NA,1,1,1
"TJK",2006,1,1,NA,1,1,1
"TZA",2018,1,1,NA,1,1,1
"TZA",2019,1,1,NA,1,1,1
"ZAF",2011,1,1,NA,1,1,1
"ZAF",2019,1,1,NA,1,1,1
"ZMB",2001,1,1,NA,1,1,1
"ZWE",2000,1,1,NA,1,1,1
"ZWE",2012,1,1,NA,1,1,1
"ZWE",2013,1,1,NA,1,1,1
"AGO",2013,0,0,NA,0,0,1
"AGO",2015,0,0,NA,0,0,1
"ALB",2001,0,0,NA,0,0,1
"ALB",2002,0,0,NA,0,0,1
"ALB",2003,0,0,NA,0,0,1
"ALB",2004,0,0,NA,0,0,1
"ALB",2005,0,0,NA,0,0,1
"ALB",2006,0,0,NA,0,0,1
"ALB",2007,0,0,NA,0,0,1
"ALB",2008,0,0,NA,0,0,1
"ALB",2009,0,0,NA,0,0,1
"ALB",2010,0,0,NA,0,0,1
"ALB",2011,0,0,NA,0,0,1
"ALB",2012,0,0,NA,0,0,1
"ALB",2013,0,0,NA,0,0,1
"ALB",2014,0,0,NA,0,0,1
"ALB",2015,0,0,NA,0,0,1
"ALB",2016,0,0,NA,0,0,1
"ALB",2017,0,0,NA,0,0,1
"ALB",2018,0,0,NA,0,0,1
"ALB",2019,0,0,NA,0,0,1
"AND",2000,0,0,NA,0,0,1
"AND",2001,0,0,NA,0,0,1
"AND",2002,0,0,NA,0,0,1
"AND",2003,0,0,NA,0,0,1
"AND",2004,0,0,NA,0,0,1
"AND",2005,0,0,NA,0,0,1
"AND",2006,0,0,NA,0,0,1
"AND",2007,0,0,NA,0,0,1
"AND",2008,0,0,NA,0,0,1
"AND",2009,0,0,NA,0,0,1
"AND",2010,0,0,NA,0,0,1
"AND",2011,0,0,NA,0,0,1
"AND",2012,0,0,NA,0,0,1
"AND",2013,0,0,NA,0,0,1
"AND",2014,0,0,NA,0,0,1
"AND",2015,0,0,NA,0,0,1
"AND",2016,0,0,NA,0,0,1
"AND",2017,0,0,NA,0,0,1
"AND",2018,0,0,NA,0,0,1
"AND",2019,0,0,NA,0,0,1
"ARE",2000,0,0,NA,0,0,1
"ARE",2001,0,0,NA,0,0,1
"ARE",2002,0,0,NA,0,0,1
"ARE",2003,0,0,NA,0,0,1
"ARE",2004,0,0,NA,0,0,1
"ARE",2005,0,0,NA,0,0,1
"ARE",2006,0,0,NA,0,0,1
"ARE",2007,0,0,NA,0,0,1
"ARE",2008,0,0,NA,0,0,1
"ARE",2009,0,0,NA,0,0,1
"ARE",2010,0,0,NA,0,0,1
"ARE",2012,0,0,NA,0,0,1
"ARE",2013,0,0,NA,0,0,1
"ARE",2014,0,0,NA,0,0,1
"ARE",2015,0,0,NA,0,0,1
"ARE",2016,0,0,NA,0,0,1
"ARE",2017,0,0,NA,0,0,1
"ARE",2018,0,0,NA,0,0,1
"ARE",2019,0,0,NA,0,0,1
"ARG",2000,0,0,NA,0,0,1
"ARG",2001,0,0,NA,0,0,1
"ARG",2002,0,0,NA,0,0,1
"ARG",2003,0,0,NA,0,0,1
"ARG",2004,0,0,NA,0,0,1
"ARG",2005,0,0,NA,0,0,1
"ARG",2006,0,0,NA,0,0,1
"ARG",2007,0,0,NA,0,0,1
"ARG",2008,0,0,NA,0,0,1
"ARG",2009,0,0,NA,0,0,1
"ARG",2010,0,0,NA,0,0,1
"ARG",2011,0,0,NA,0,0,1
"ARG",2012,0,0,NA,0,0,1
"ARG",2013,0,0,NA,0,0,1
"ARG",2014,0,0,NA,0,0,1
"ARG",2015,0,0,NA,0,0,1
"ARG",2016,0,0,NA,0,0,1
"ARG",2017,0,0,NA,0,0,1
"ARG",2018,0,0,NA,0,0,1
"ARG",2019,0,0,NA,0,0,1
"ARM",2000,0,0,NA,0,0,1
"ARM",2001,0,0,NA,0,0,1
"ARM",2002,0,0,NA,0,0,1
"ARM",2003,0,0,NA,0,0,1
"ARM",2004,0,0,NA,0,0,1
"ARM",2005,0,0,NA,0,0,1
"ARM",2008,0,0,NA,0,0,1
"ARM",2009,0,0,NA,0,0,1
"ARM",2010,0,0,NA,0,0,1
"ARM",2011,0,0,NA,0,0,1
"ARM",2012,0,0,NA,0,0,1
"ARM",2015,0,0,NA,0,0,1
"ARM",2018,0,0,NA,0,0,1
"ATG",2000,0,0,NA,0,0,1
"ATG",2001,0,0,NA,0,0,1
"ATG",2002,0,0,NA,0,0,1
"ATG",2003,0,0,NA,0,0,1
"ATG",2004,0,0,NA,0,0,1
"ATG",2005,0,0,NA,0,0,1
"ATG",2006,0,0,NA,0,0,1
"ATG",2007,0,0,NA,0,0,1
"ATG",2008,0,0,NA,0,0,1
"ATG",2009,0,0,NA,0,0,1
"ATG",2010,0,0,NA,0,0,1
"ATG",2011,0,0,NA,0,0,1
"ATG",2012,0,0,NA,0,0,1
"ATG",2013,0,0,NA,0,0,1
"ATG",2014,0,0,NA,0,0,1
"ATG",2015,0,0,NA,0,0,1
"ATG",2016,0,0,NA,0,0,1
"ATG",2017,0,0,NA,0,0,1
"ATG",2018,0,0,NA,0,0,1
"ATG",2019,0,0,NA,0,0,1
"AUS",2000,0,0,NA,0,0,1
"AUS",2001,0,0,NA,0,0,1
"AUS",2002,0,0,NA,0,0,1
"AUS",2003,0,0,NA,0,0,1
"AUS",2004,0,0,NA,0,0,1
"AUS",2005,0,0,NA,0,0,1
"AUS",2006,0,0,NA,0,0,1
"AUS",2007,0,0,NA,0,0,1
"AUS",2008,0,0,NA,0,0,1
"AUS",2009,0,0,NA,0,0,1
"AUS",2010,0,0,NA,0,0,1
"AUS",2011,0,0,NA,0,0,1
"AUS",2012,0,0,NA,0,0,1
"AUS",2013,0,0,NA,0,0,1
"AUS",2014,0,0,NA,0,0,1
"AUS",2015,0,0,NA,0,0,1
"AUS",2016,0,0,NA,0,0,1
"AUS",2017,0,0,NA,0,0,1
"AUS",2018,0,0,NA,0,0,1
"AUT",2000,0,0,NA,0,0,1
"AUT",2001,0,0,NA,0,0,1
"AUT",2002,0,0,NA,0,0,1
"AUT",2003,0,0,NA,0,0,1
"AUT",2004,0,0,NA,0,0,1
"AUT",2005,0,0,NA,0,0,1
"AUT",2006,0,0,NA,0,0,1
"AUT",2007,0,0,NA,0,0,1
"AUT",2008,0,0,NA,0,0,1
"AUT",2009,0,0,NA,0,0,1
"AUT",2010,0,0,NA,0,0,1
"AUT",2011,0,0,NA,0,0,1
"AUT",2012,0,0,NA,0,0,1
"AUT",2013,0,0,NA,0,0,1
"AUT",2014,0,0,NA,0,0,1
"AUT",2015,0,0,NA,0,0,1
"AUT",2016,0,0,NA,0,0,1
"AUT",2017,0,0,NA,0,0,1
"AUT",2018,0,0,NA,0,0,1
"AUT",2019,0,0,NA,0,0,1
"AZE",2003,0,0,NA,0,0,1
"AZE",2004,0,0,NA,0,0,1
"BDI",2010,0,0,NA,0,0,1
"BDI",2011,0,0,NA,0,0,1
"BEL",2000,0,0,NA,0,0,1
"BEL",2001,0,0,NA,0,0,1
"BEL",2002,0,0,NA,0,0,1
"BEL",2003,0,0,NA,0,0,1
"BEL",2004,0,0,NA,0,0,1
"BEL",2005,0,0,NA,0,0,1
"BEL",2006,0,0,NA,0,0,1
"BEL",2007,0,0,NA,0,0,1
"BEL",2008,0,0,NA,0,0,1
"BEL",2009,0,0,NA,0,0,1
"BEL",2010,0,0,NA,0,0,1
"BEL",2011,0,0,NA,0,0,1
"BEL",2012,0,0,NA,0,0,1
"BEL",2013,0,0,NA,0,0,1
"BEL",2014,0,0,NA,0,0,1
"BEL",2015,0,0,NA,0,0,1
"BEL",2016,0,0,NA,0,0,1
"BEL",2018,0,0,NA,0,0,1
"BEN",2000,0,0,NA,0,0,1
"BEN",2001,0,0,NA,0,0,1
"BEN",2002,0,0,NA,0,0,1
"BEN",2003,0,0,NA,0,0,1
"BEN",2004,0,0,NA,0,0,1
"BEN",2005,0,0,NA,0,0,1
"BEN",2006,0,0,NA,0,0,1
"BEN",2007,0,0,NA,0,0,1
"BEN",2008,0,0,NA,0,0,1
"BEN",2009,0,0,NA,0,0,1
"BEN",2010,0,0,NA,0,0,1
"BEN",2011,0,0,NA,0,0,1
"BEN",2012,0,0,NA,0,0,1
"BEN",2013,0,0,NA,0,0,1
"BEN",2014,0,0,NA,0,0,1
"BEN",2015,0,0,NA,0,0,1
"BEN",2016,0,0,NA,0,0,1
"BEN",2017,0,0,NA,0,0,1
"BEN",2018,0,0,NA,0,0,1
"BEN",2019,0,0,NA,0,0,1
"BFA",2000,0,0,NA,0,0,1
"BFA",2001,0,0,NA,0,0,1
"BFA",2002,0,0,NA,0,0,1
"BFA",2003,0,0,NA,0,0,1
"BFA",2004,0,0,NA,0,0,1
"BFA",2005,0,0,NA,0,0,1
"BFA",2006,0,0,NA,0,0,1
"BFA",2007,0,0,NA,0,0,1
"BFA",2008,0,0,NA,0,0,1
"BFA",2009,0,0,NA,0,0,1
"BFA",2010,0,0,NA,0,0,1
"BFA",2011,0,0,NA,0,0,1
"BFA",2012,0,0,NA,0,0,1
"BFA",2013,0,0,NA,0,0,1
"BFA",2014,0,0,NA,0,0,1
"BFA",2015,0,0,NA,0,0,1
"BFA",2016,0,0,NA,0,0,1
"BGD",2012,0,0,NA,0,0,1
"BGR",2000,0,0,NA,0,0,1
"BGR",2001,0,0,NA,0,0,1
"BGR",2002,0,0,NA,0,0,1
"BGR",2003,0,0,NA,0,0,1
"BGR",2004,0,0,NA,0,0,1
"BGR",2005,0,0,NA,0,0,1
"BGR",2006,0,0,NA,0,0,1
"BGR",2007,0,0,NA,0,0,1
"BGR",2008,0,0,NA,0,0,1
"BGR",2009,0,0,NA,0,0,1
"BGR",2010,0,0,NA,0,0,1
"BGR",2011,0,0,NA,0,0,1
"BGR",2012,0,0,NA,0,0,1
"BGR",2013,0,0,NA,0,0,1
"BGR",2014,0,0,NA,0,0,1
"BGR",2015,0,0,NA,0,0,1
"BGR",2016,0,0,NA,0,0,1
"BGR",2017,0,0,NA,0,0,1
"BGR",2018,0,0,NA,0,0,1
"BGR",2019,0,0,NA,0,0,1
"BHR",2000,0,0,NA,0,0,1
"BHR",2001,0,0,NA,0,0,1
"BHR",2002,0,0,NA,0,0,1
"BHR",2003,0,0,NA,0,0,1
"BHR",2004,0,0,NA,0,0,1
"BHR",2005,0,0,NA,0,0,1
"BHR",2006,0,0,NA,0,0,1
"BHR",2007,0,0,NA,0,0,1
"BHR",2008,0,0,NA,0,0,1
"BHR",2009,0,0,NA,0,0,1
"BHR",2010,0,0,NA,0,0,1
"BHR",2011,0,0,NA,0,0,1
"BHR",2013,0,0,NA,0,0,1
"BHR",2014,0,0,NA,0,0,1
"BHR",2015,0,0,NA,0,0,1
"BHR",2016,0,0,NA,0,0,1
"BHR",2017,0,0,NA,0,0,1
"BHR",2018,0,0,NA,0,0,1
"BHR",2019,0,0,NA,0,0,1
"BHS",2000,0,0,NA,0,0,1
"BHS",2001,0,0,NA,0,0,1
"BHS",2002,0,0,NA,0,0,1
"BHS",2003,0,0,NA,0,0,1
"BHS",2004,0,0,NA,0,0,1
"BHS",2005,0,0,NA,0,0,1
"BHS",2006,0,0,NA,0,0,1
"BHS",2007,0,0,NA,0,0,1
"BHS",2008,0,0,NA,0,0,1
"BHS",2009,0,0,NA,0,0,1
"BHS",2010,0,0,NA,0,0,1
"BHS",2011,0,0,NA,0,0,1
"BHS",2012,0,0,NA,0,0,1
"BHS",2013,0,0,NA,0,0,1
"BHS",2014,0,0,NA,0,0,1
"BHS",2015,0,0,NA,0,0,1
"BHS",2016,0,0,NA,0,0,1
"BHS",2017,0,0,NA,0,0,1
"BHS",2018,0,0,NA,0,0,1
"BHS",2019,0,0,NA,0,0,1
"BIH",2000,0,0,NA,0,0,1
"BIH",2001,0,0,NA,0,0,1
"BIH",2002,0,0,NA,0,0,1
"BIH",2003,0,0,NA,0,0,1
"BIH",2004,0,0,NA,0,0,1
"BIH",2005,0,0,NA,0,0,1
"BIH",2006,0,0,NA,0,0,1
"BIH",2007,0,0,NA,0,0,1
"BIH",2008,0,0,NA,0,0,1
"BIH",2009,0,0,NA,0,0,1
"BIH",2010,0,0,NA,0,0,1
"BIH",2011,0,0,NA,0,0,1
"BIH",2012,0,0,NA,0,0,1
"BIH",2013,0,0,NA,0,0,1
"BIH",2014,0,0,NA,0,0,1
"BIH",2015,0,0,NA,0,0,1
"BIH",2016,0,0,NA,0,0,1
"BIH",2017,0,0,NA,0,0,1
"BIH",2018,0,0,NA,0,0,1
"BIH",2019,0,0,NA,0,0,1
"BLR",2000,0,0,NA,0,0,1
"BLR",2001,0,0,NA,0,0,1
"BLR",2002,0,0,NA,0,0,1
"BLR",2003,0,0,NA,0,0,1
"BLR",2004,0,0,NA,0,0,1
"BLR",2005,0,0,NA,0,0,1
"BLR",2006,0,0,NA,0,0,1
"BLR",2007,0,0,NA,0,0,1
"BLR",2008,0,0,NA,0,0,1
"BLR",2009,0,0,NA,0,0,1
"BLR",2010,0,0,NA,0,0,1
"BLR",2011,0,0,NA,0,0,1
"BLR",2012,0,0,NA,0,0,1
"BLR",2013,0,0,NA,0,0,1
"BLR",2014,0,0,NA,0,0,1
"BLR",2015,0,0,NA,0,0,1
"BLR",2016,0,0,NA,0,0,1
"BLR",2017,0,0,NA,0,0,1
"BLR",2018,0,0,NA,0,0,1
"BLR",2019,0,0,NA,0,0,1
"BLZ",2000,0,0,NA,0,0,1
"BLZ",2001,0,0,NA,0,0,1
"BLZ",2002,0,0,NA,0,0,1
"BLZ",2003,0,0,NA,0,0,1
"BLZ",2004,0,0,NA,0,0,1
"BLZ",2005,0,0,NA,0,0,1
"BLZ",2006,0,0,NA,0,0,1
"BLZ",2007,0,0,NA,0,0,1
"BLZ",2008,0,0,NA,0,0,1
"BLZ",2009,0,0,NA,0,0,1
"BLZ",2010,0,0,NA,0,0,1
"BLZ",2011,0,0,NA,0,0,1
"BLZ",2012,0,0,NA,0,0,1
"BLZ",2013,0,0,NA,0,0,1
"BLZ",2014,0,0,NA,0,0,1
"BLZ",2015,0,0,NA,0,0,1
"BLZ",2016,0,0,NA,0,0,1
"BLZ",2017,0,0,NA,0,0,1
"BLZ",2018,0,0,NA,0,0,1
"BLZ",2019,0,0,NA,0,0,1
"BOL",2000,0,0,NA,0,0,1
"BOL",2002,0,0,NA,0,0,1
"BOL",2003,0,0,NA,0,0,1
"BOL",2004,0,0,NA,0,0,1
"BOL",2005,0,0,NA,0,0,1
"BOL",2006,0,0,NA,0,0,1
"BOL",2007,0,0,NA,0,0,1
"BOL",2008,0,0,NA,0,0,1
"BOL",2009,0,0,NA,0,0,1
"BOL",2010,0,0,NA,0,0,1
"BOL",2011,0,0,NA,0,0,1
"BOL",2012,0,0,NA,0,0,1
"BOL",2013,0,0,NA,0,0,1
"BOL",2014,0,0,NA,0,0,1
"BOL",2015,0,0,NA,0,0,1
"BOL",2016,0,0,NA,0,0,1
"BOL",2017,0,0,NA,0,0,1
"BOL",2018,0,0,NA,0,0,1
"BOL",2019,0,0,NA,0,0,1
"BRB",2000,0,0,NA,0,0,1
"BRB",2001,0,0,NA,0,0,1
"BRB",2002,0,0,NA,0,0,1
"BRB",2003,0,0,NA,0,0,1
"BRB",2004,0,0,NA,0,0,1
"BRB",2005,0,0,NA,0,0,1
"BRB",2006,0,0,NA,0,0,1
"BRB",2007,0,0,NA,0,0,1
"BRB",2008,0,0,NA,0,0,1
"BRB",2009,0,0,NA,0,0,1
"BRB",2010,0,0,NA,0,0,1
"BRB",2011,0,0,NA,0,0,1
"BRB",2012,0,0,NA,0,0,1
"BRB",2013,0,0,NA,0,0,1
"BRB",2014,0,0,NA,0,0,1
"BRB",2015,0,0,NA,0,0,1
"BRB",2016,0,0,NA,0,0,1
"BRB",2017,0,0,NA,0,0,1
"BRB",2018,0,0,NA,0,0,1
"BRB",2019,0,0,NA,0,0,1
"BRN",2000,0,0,NA,0,0,1
"BRN",2001,0,0,NA,0,0,1
"BRN",2002,0,0,NA,0,0,1
"BRN",2003,0,0,NA,0,0,1
"BRN",2004,0,0,NA,0,0,1
"BRN",2005,0,0,NA,0,0,1
"BRN",2006,0,0,NA,0,0,1
"BRN",2007,0,0,NA,0,0,1
"BRN",2008,0,0,NA,0,0,1
"BRN",2009,0,0,NA,0,0,1
"BRN",2010,0,0,NA,0,0,1
"BRN",2011,0,0,NA,0,0,1
"BRN",2012,0,0,NA,0,0,1
"BRN",2013,0,0,NA,0,0,1
"BRN",2014,0,0,NA,0,0,1
"BRN",2015,0,0,NA,0,0,1
"BRN",2016,0,0,NA,0,0,1
"BRN",2017,0,0,NA,0,0,1
"BRN",2018,0,0,NA,0,0,1
"BRN",2019,0,0,NA,0,0,1
"BTN",2000,0,0,NA,0,0,1
"BTN",2001,0,0,NA,0,0,1
"BTN",2002,0,0,NA,0,0,1
"BTN",2003,0,0,NA,0,0,1
"BTN",2004,0,0,NA,0,0,1
"BTN",2005,0,0,NA,0,0,1
"BTN",2006,0,0,NA,0,0,1
"BTN",2007,0,0,NA,0,0,1
"BTN",2008,0,0,NA,0,0,1
"BTN",2009,0,0,NA,0,0,1
"BTN",2010,0,0,NA,0,0,1
"BTN",2011,0,0,NA,0,0,1
"BTN",2012,0,0,NA,0,0,1
"BTN",2013,0,0,NA,0,0,1
"BTN",2014,0,0,NA,0,0,1
"BTN",2015,0,0,NA,0,0,1
"BTN",2016,0,0,NA,0,0,1
"BTN",2017,0,0,NA,0,0,1
"BTN",2018,0,0,NA,0,0,1
"BTN",2019,0,0,NA,0,0,1
"BWA",2000,0,0,NA,0,0,1
"BWA",2001,0,0,NA,0,0,1
"BWA",2002,0,0,NA,0,0,1
"BWA",2003,0,0,NA,0,0,1
"BWA",2004,0,0,NA,0,0,1
"BWA",2005,0,0,NA,0,0,1
"BWA",2006,0,0,NA,0,0,1
"BWA",2007,0,0,NA,0,0,1
"BWA",2008,0,0,NA,0,0,1
"BWA",2009,0,0,NA,0,0,1
"BWA",2010,0,0,NA,0,0,1
"BWA",2011,0,0,NA,0,0,1
"BWA",2012,0,0,NA,0,0,1
"BWA",2013,0,0,NA,0,0,1
"BWA",2014,0,0,NA,0,0,1
"BWA",2015,0,0,NA,0,0,1
"BWA",2016,0,0,NA,0,0,1
"BWA",2017,0,0,NA,0,0,1
"BWA",2018,0,0,NA,0,0,1
"BWA",2019,0,0,NA,0,0,1
"CAN",2003,0,0,NA,0,0,1
"CAN",2004,0,0,NA,0,0,1
"CAN",2005,0,0,NA,0,0,1
"CAN",2006,0,0,NA,0,0,1
"CAN",2007,0,0,NA,0,0,1
"CAN",2008,0,0,NA,0,0,1
"CAN",2009,0,0,NA,0,0,1
"CAN",2010,0,0,NA,0,0,1
"CAN",2011,0,0,NA,0,0,1
"CAN",2012,0,0,NA,0,0,1
"CAN",2013,0,0,NA,0,0,1
"CAN",2014,0,0,NA,0,0,1
"CAN",2015,0,0,NA,0,0,1
"CAN",2016,0,0,NA,0,0,1
"CAN",2017,0,0,NA,0,0,1
"CAN",2018,0,0,NA,0,0,1
"CAN",2019,0,0,NA,0,0,1
"CHE",2000,0,0,NA,0,0,1
"CHE",2001,0,0,NA,0,0,1
"CHE",2002,0,0,NA,0,0,1
"CHE",2003,0,0,NA,0,0,1
"CHE",2004,0,0,NA,0,0,1
"CHE",2005,0,0,NA,0,0,1
"CHE",2006,0,0,NA,0,0,1
"CHE",2007,0,0,NA,0,0,1
"CHE",2008,0,0,NA,0,0,1
"CHE",2009,0,0,NA,0,0,1
"CHE",2010,0,0,NA,0,0,1
"CHE",2011,0,0,NA,0,0,1
"CHE",2012,0,0,NA,0,0,1
"CHE",2013,0,0,NA,0,0,1
"CHE",2014,0,0,NA,0,0,1
"CHE",2015,0,0,NA,0,0,1
"CHE",2016,0,0,NA,0,0,1
"CHE",2017,0,0,NA,0,0,1
"CHE",2018,0,0,NA,0,0,1
"CHE",2019,0,0,NA,0,0,1
"CHL",2000,0,0,NA,0,0,1
"CHL",2001,0,0,NA,0,0,1
"CHL",2002,0,0,NA,0,0,1
"CHL",2003,0,0,NA,0,0,1
"CHL",2004,0,0,NA,0,0,1
"CHL",2005,0,0,NA,0,0,1
"CHL",2006,0,0,NA,0,0,1
"CHL",2007,0,0,NA,0,0,1
"CHL",2008,0,0,NA,0,0,1
"CHL",2009,0,0,NA,0,0,1
"CHL",2010,0,0,NA,0,0,1
"CHL",2011,0,0,NA,0,0,1
"CHL",2012,0,0,NA,0,0,1
"CHL",2013,0,0,NA,0,0,1
"CHL",2014,0,0,NA,0,0,1
"CHL",2015,0,0,NA,0,0,1
"CHL",2016,0,0,NA,0,0,1
"CHL",2017,0,0,NA,0,0,1
"CHL",2018,0,0,NA,0,0,1
"CHL",2019,0,0,NA,0,0,1
"CHN",2000,0,0,NA,0,0,1
"CHN",2001,0,0,NA,0,0,1
"CHN",2002,0,0,NA,0,0,1
"CHN",2003,0,0,NA,0,0,1
"CHN",2004,0,0,NA,0,0,1
"CHN",2005,0,0,NA,0,0,1
"CHN",2007,0,0,NA,0,0,1
"CHN",2008,0,0,NA,0,0,1
"CHN",2011,0,0,NA,0,0,1
"CHN",2012,0,0,NA,0,0,1
"CHN",2013,0,0,NA,0,0,1
"CHN",2014,0,0,NA,0,0,1
"CHN",2015,0,0,NA,0,0,1
"CHN",2017,0,0,NA,0,0,1
"CHN",2019,0,0,NA,0,0,1
"CIV",2000,0,0,NA,0,0,1
"CIV",2015,0,0,NA,0,0,1
"CIV",2016,0,0,NA,0,0,1
"CIV",2018,0,0,NA,0,0,1
"CIV",2019,0,0,NA,0,0,1
"CMR",2000,0,0,NA,0,0,1
"CMR",2002,0,0,NA,0,0,1
"CMR",2003,0,0,NA,0,0,1
"CMR",2004,0,0,NA,0,0,1
"CMR",2005,0,0,NA,0,0,1
"CMR",2006,0,0,NA,0,0,1
"CMR",2007,0,0,NA,0,0,1
"CMR",2008,0,0,NA,0,0,1
"CMR",2009,0,0,NA,0,0,1
"CMR",2010,0,0,NA,0,0,1
"CMR",2011,0,0,NA,0,0,1
"CMR",2012,0,0,NA,0,0,1
"CMR",2013,0,0,NA,0,0,1
"COG",2001,0,0,NA,0,0,1
"COG",2005,0,0,NA,0,0,1
"COG",2007,0,0,NA,0,0,1
"COG",2010,0,0,NA,0,0,1
"COG",2011,0,0,NA,0,0,1
"COG",2014,0,0,NA,0,0,1
"COG",2015,0,0,NA,0,0,1
"COG",2016,0,0,NA,0,0,1
"COG",2019,0,0,NA,0,0,1
"COM",2000,0,0,NA,0,0,1
"COM",2001,0,0,NA,0,0,1
"COM",2002,0,0,NA,0,0,1
"COM",2003,0,0,NA,0,0,1
"COM",2004,0,0,NA,0,0,1
"COM",2005,0,0,NA,0,0,1
"COM",2006,0,0,NA,0,0,1
"COM",2007,0,0,NA,0,0,1
"COM",2008,0,0,NA,0,0,1
"COM",2009,0,0,NA,0,0,1
"COM",2010,0,0,NA,0,0,1
"COM",2011,0,0,NA,0,0,1
"COM",2012,0,0,NA,0,0,1
"COM",2013,0,0,NA,0,0,1
"COM",2014,0,0,NA,0,0,1
"COM",2015,0,0,NA,0,0,1
"COM",2016,0,0,NA,0,0,1
"COM",2017,0,0,NA,0,0,1
"COM",2018,0,0,NA,0,0,1
"COM",2019,0,0,NA,0,0,1
"CPV",2000,0,0,NA,0,0,1
"CPV",2001,0,0,NA,0,0,1
"CPV",2002,0,0,NA,0,0,1
"CPV",2003,0,0,NA,0,0,1
"CPV",2004,0,0,NA,0,0,1
"CPV",2005,0,0,NA,0,0,1
"CPV",2006,0,0,NA,0,0,1
"CPV",2007,0,0,NA,0,0,1
"CPV",2008,0,0,NA,0,0,1
"CPV",2009,0,0,NA,0,0,1
"CPV",2010,0,0,NA,0,0,1
"CPV",2011,0,0,NA,0,0,1
"CPV",2012,0,0,NA,0,0,1
"CPV",2013,0,0,NA,0,0,1
"CPV",2014,0,0,NA,0,0,1
"CPV",2015,0,0,NA,0,0,1
"CPV",2016,0,0,NA,0,0,1
"CPV",2017,0,0,NA,0,0,1
"CPV",2018,0,0,NA,0,0,1
"CPV",2019,0,0,NA,0,0,1
"CRI",2000,0,0,NA,0,0,1
"CRI",2001,0,0,NA,0,0,1
"CRI",2002,0,0,NA,0,0,1
"CRI",2003,0,0,NA,0,0,1
"CRI",2004,0,0,NA,0,0,1
"CRI",2005,0,0,NA,0,0,1
"CRI",2006,0,0,NA,0,0,1
"CRI",2007,0,0,NA,0,0,1
"CRI",2008,0,0,NA,0,0,1
"CRI",2009,0,0,NA,0,0,1
"CRI",2010,0,0,NA,0,0,1
"CRI",2011,0,0,NA,0,0,1
"CRI",2012,0,0,NA,0,0,1
"CRI",2013,0,0,NA,0,0,1
"CRI",2014,0,0,NA,0,0,1
"CRI",2015,0,0,NA,0,0,1
"CRI",2016,0,0,NA,0,0,1
"CRI",2017,0,0,NA,0,0,1
"CRI",2018,0,0,NA,0,0,1
"CRI",2019,0,0,NA,0,0,1
"CUB",2000,0,0,NA,0,0,1
"CUB",2001,0,0,NA,0,0,1
"CUB",2002,0,0,NA,0,0,1
"CUB",2003,0,0,NA,0,0,1
"CUB",2004,0,0,NA,0,0,1
"CUB",2005,0,0,NA,0,0,1
"CUB",2006,0,0,NA,0,0,1
"CUB",2007,0,0,NA,0,0,1
"CUB",2008,0,0,NA,0,0,1
"CUB",2009,0,0,NA,0,0,1
"CUB",2010,0,0,NA,0,0,1
"CUB",2011,0,0,NA,0,0,1
"CUB",2012,0,0,NA,0,0,1
"CUB",2013,0,0,NA,0,0,1
"CUB",2014,0,0,NA,0,0,1
"CUB",2015,0,0,NA,0,0,1
"CUB",2016,0,0,NA,0,0,1
"CUB",2017,0,0,NA,0,0,1
"CUB",2018,0,0,NA,0,0,1
"CUB",2019,0,0,NA,0,0,1
"CYP",2000,0,0,NA,0,0,1
"CYP",2001,0,0,NA,0,0,1
"CYP",2002,0,0,NA,0,0,1
"CYP",2003,0,0,NA,0,0,1
"CYP",2004,0,0,NA,0,0,1
"CYP",2005,0,0,NA,0,0,1
"CYP",2006,0,0,NA,0,0,1
"CYP",2007,0,0,NA,0,0,1
"CYP",2008,0,0,NA,0,0,1
"CYP",2009,0,0,NA,0,0,1
"CYP",2010,0,0,NA,0,0,1
"CYP",2011,0,0,NA,0,0,1
"CYP",2012,0,0,NA,0,0,1
"CYP",2013,0,0,NA,0,0,1
"CYP",2014,0,0,NA,0,0,1
"CYP",2015,0,0,NA,0,0,1
"CYP",2016,0,0,NA,0,0,1
"CYP",2017,0,0,NA,0,0,1
"CYP",2018,0,0,NA,0,0,1
"CYP",2019,0,0,NA,0,0,1
"CZE",2000,0,0,NA,0,0,1
"CZE",2001,0,0,NA,0,0,1
"CZE",2002,0,0,NA,0,0,1
"CZE",2003,0,0,NA,0,0,1
"CZE",2004,0,0,NA,0,0,1
"CZE",2005,0,0,NA,0,0,1
"CZE",2006,0,0,NA,0,0,1
"CZE",2007,0,0,NA,0,0,1
"CZE",2008,0,0,NA,0,0,1
"CZE",2009,0,0,NA,0,0,1
"CZE",2010,0,0,NA,0,0,1
"CZE",2011,0,0,NA,0,0,1
"CZE",2012,0,0,NA,0,0,1
"CZE",2013,0,0,NA,0,0,1
"CZE",2014,0,0,NA,0,0,1
"CZE",2015,0,0,NA,0,0,1
"CZE",2016,0,0,NA,0,0,1
"CZE",2017,0,0,NA,0,0,1
"CZE",2018,0,0,NA,0,0,1
"CZE",2019,0,0,NA,0,0,1
"DEU",2000,0,0,NA,0,0,1
"DEU",2001,0,0,NA,0,0,1
"DEU",2002,0,0,NA,0,0,1
"DEU",2003,0,0,NA,0,0,1
"DEU",2004,0,0,NA,0,0,1
"DEU",2005,0,0,NA,0,0,1
"DEU",2006,0,0,NA,0,0,1
"DEU",2007,0,0,NA,0,0,1
"DEU",2008,0,0,NA,0,0,1
"DEU",2009,0,0,NA,0,0,1
"DEU",2010,0,0,NA,0,0,1
"DEU",2011,0,0,NA,0,0,1
"DEU",2012,0,0,NA,0,0,1
"DEU",2013,0,0,NA,0,0,1
"DEU",2014,0,0,NA,0,0,1
"DEU",2015,0,0,NA,0,0,1
"DEU",2016,0,0,NA,0,0,1
"DEU",2018,0,0,NA,0,0,1
"DEU",2019,0,0,NA,0,0,1
"DJI",2001,0,0,NA,0,0,1
"DJI",2002,0,0,NA,0,0,1
"DJI",2003,0,0,NA,0,0,1
"DJI",2004,0,0,NA,0,0,1
"DJI",2005,0,0,NA,0,0,1
"DJI",2006,0,0,NA,0,0,1
"DJI",2007,0,0,NA,0,0,1
"DJI",2008,0,0,NA,0,0,1
"DJI",2010,0,0,NA,0,0,1
"DJI",2011,0,0,NA,0,0,1
"DJI",2012,0,0,NA,0,0,1
"DJI",2013,0,0,NA,0,0,1
"DJI",2014,0,0,NA,0,0,1
"DJI",2016,0,0,NA,0,0,1
"DJI",2017,0,0,NA,0,0,1
"DJI",2018,0,0,NA,0,0,1
"DMA",2000,0,0,NA,0,0,1
"DMA",2001,0,0,NA,0,0,1
"DMA",2002,0,0,NA,0,0,1
"DMA",2003,0,0,NA,0,0,1
"DMA",2004,0,0,NA,0,0,1
"DMA",2005,0,0,NA,0,0,1
"DMA",2006,0,0,NA,0,0,1
"DMA",2007,0,0,NA,0,0,1
"DMA",2008,0,0,NA,0,0,1
"DMA",2009,0,0,NA,0,0,1
"DMA",2010,0,0,NA,0,0,1
"DMA",2011,0,0,NA,0,0,1
"DMA",2012,0,0,NA,0,0,1
"DMA",2013,0,0,NA,0,0,1
"DMA",2014,0,0,NA,0,0,1
"DMA",2015,0,0,NA,0,0,1
"DMA",2016,0,0,NA,0,0,1
"DMA",2017,0,0,NA,0,0,1
"DMA",2018,0,0,NA,0,0,1
"DMA",2019,0,0,NA,0,0,1
"DNK",2000,0,0,NA,0,0,1
"DNK",2001,0,0,NA,0,0,1
"DNK",2002,0,0,NA,0,0,1
"DNK",2003,0,0,NA,0,0,1
"DNK",2004,0,0,NA,0,0,1
"DNK",2005,0,0,NA,0,0,1
"DNK",2006,0,0,NA,0,0,1
"DNK",2007,0,0,NA,0,0,1
"DNK",2008,0,0,NA,0,0,1
"DNK",2009,0,0,NA,0,0,1
"DNK",2010,0,0,NA,0,0,1
"DNK",2011,0,0,NA,0,0,1
"DNK",2012,0,0,NA,0,0,1
"DNK",2013,0,0,NA,0,0,1
"DNK",2014,0,0,NA,0,0,1
"DNK",2015,0,0,NA,0,0,1
"DNK",2016,0,0,NA,0,0,1
"DNK",2017,0,0,NA,0,0,1
"DNK",2018,0,0,NA,0,0,1
"DNK",2019,0,0,NA,0,0,1
"DOM",2000,0,0,NA,0,0,1
"DOM",2001,0,0,NA,0,0,1
"DOM",2002,0,0,NA,0,0,1
"DOM",2003,0,0,NA,0,0,1
"DOM",2004,0,0,NA,0,0,1
"DOM",2005,0,0,NA,0,0,1
"DOM",2006,0,0,NA,0,0,1
"DOM",2007,0,0,NA,0,0,1
"DOM",2008,0,0,NA,0,0,1
"DOM",2009,0,0,NA,0,0,1
"DOM",2010,0,0,NA,0,0,1
"DOM",2011,0,0,NA,0,0,1
"DOM",2012,0,0,NA,0,0,1
"DOM",2013,0,0,NA,0,0,1
"DOM",2014,0,0,NA,0,0,1
"DOM",2015,0,0,NA,0,0,1
"DOM",2016,0,0,NA,0,0,1
"DOM",2017,0,0,NA,0,0,1
"DOM",2018,0,0,NA,0,0,1
"DOM",2019,0,0,NA,0,0,1
"ECU",2000,0,0,NA,0,0,1
"ECU",2001,0,0,NA,0,0,1
"ECU",2003,0,0,NA,0,0,1
"ECU",2005,0,0,NA,0,0,1
"ECU",2006,0,0,NA,0,0,1
"ECU",2007,0,0,NA,0,0,1
"ECU",2008,0,0,NA,0,0,1
"ECU",2010,0,0,NA,0,0,1
"ECU",2011,0,0,NA,0,0,1
"ECU",2012,0,0,NA,0,0,1
"ECU",2013,0,0,NA,0,0,1
"ECU",2014,0,0,NA,0,0,1
"ECU",2015,0,0,NA,0,0,1
"ECU",2016,0,0,NA,0,0,1
"ECU",2017,0,0,NA,0,0,1
"ECU",2018,0,0,NA,0,0,1
"ECU",2019,0,0,NA,0,0,1
"EGY",2002,0,0,NA,0,0,1
"EGY",2003,0,0,NA,0,0,1
"EGY",2004,0,0,NA,0,0,1
"EGY",2008,0,0,NA,0,0,1
"ERI",2002,0,0,NA,0,0,1
"ERI",2003,0,0,NA,0,0,1
"ERI",2005,0,0,NA,0,0,1
"ERI",2006,0,0,NA,0,0,1
"ERI",2007,0,0,NA,0,0,1
"ERI",2008,0,0,NA,0,0,1
"ERI",2009,0,0,NA,0,0,1
"ERI",2010,0,0,NA,0,0,1
"ERI",2011,0,0,NA,0,0,1
"ERI",2012,0,0,NA,0,0,1
"ERI",2013,0,0,NA,0,0,1
"ERI",2014,0,0,NA,0,0,1
"ERI",2015,0,0,NA,0,0,1
"ERI",2016,0,0,NA,0,0,1
"ERI",2018,0,0,NA,0,0,1
"ERI",2019,0,0,NA,0,0,1
"ESP",2000,0,0,NA,0,0,1
"ESP",2006,0,0,NA,0,0,1
"ESP",2007,0,0,NA,0,0,1
"ESP",2008,0,0,NA,0,0,1
"ESP",2011,0,0,NA,0,0,1
"ESP",2013,0,0,NA,0,0,1
"ESP",2014,0,0,NA,0,0,1
"ESP",2015,0,0,NA,0,0,1
"ESP",2016,0,0,NA,0,0,1
"ESP",2017,0,0,NA,0,0,1
"ESP",2019,0,0,NA,0,0,1
"EST",2000,0,0,NA,0,0,1
"EST",2001,0,0,NA,0,0,1
"EST",2002,0,0,NA,0,0,1
"EST",2003,0,0,NA,0,0,1
"EST",2004,0,0,NA,0,0,1
"EST",2005,0,0,NA,0,0,1
"EST",2006,0,0,NA,0,0,1
"EST",2007,0,0,NA,0,0,1
"EST",2008,0,0,NA,0,0,1
"EST",2009,0,0,NA,0,0,1
"EST",2010,0,0,NA,0,0,1
"EST",2011,0,0,NA,0,0,1
"EST",2012,0,0,NA,0,0,1
"EST",2013,0,0,NA,0,0,1
"EST",2014,0,0,NA,0,0,1
"EST",2015,0,0,NA,0,0,1
"EST",2016,0,0,NA,0,0,1
"EST",2017,0,0,NA,0,0,1
"EST",2018,0,0,NA,0,0,1
"EST",2019,0,0,NA,0,0,1
"FIN",2000,0,0,NA,0,0,1
"FIN",2001,0,0,NA,0,0,1
"FIN",2002,0,0,NA,0,0,1
"FIN",2003,0,0,NA,0,0,1
"FIN",2004,0,0,NA,0,0,1
"FIN",2005,0,0,NA,0,0,1
"FIN",2006,0,0,NA,0,0,1
"FIN",2007,0,0,NA,0,0,1
"FIN",2008,0,0,NA,0,0,1
"FIN",2009,0,0,NA,0,0,1
"FIN",2010,0,0,NA,0,0,1
"FIN",2011,0,0,NA,0,0,1
"FIN",2012,0,0,NA,0,0,1
"FIN",2013,0,0,NA,0,0,1
"FIN",2014,0,0,NA,0,0,1
"FIN",2015,0,0,NA,0,0,1
"FIN",2016,0,0,NA,0,0,1
"FIN",2017,0,0,NA,0,0,1
"FIN",2018,0,0,NA,0,0,1
"FIN",2019,0,0,NA,0,0,1
"FJI",2000,0,0,NA,0,0,1
"FJI",2001,0,0,NA,0,0,1
"FJI",2002,0,0,NA,0,0,1
"FJI",2003,0,0,NA,0,0,1
"FJI",2004,0,0,NA,0,0,1
"FJI",2005,0,0,NA,0,0,1
"FJI",2006,0,0,NA,0,0,1
"FJI",2007,0,0,NA,0,0,1
"FJI",2008,0,0,NA,0,0,1
"FJI",2009,0,0,NA,0,0,1
"FJI",2010,0,0,NA,0,0,1
"FJI",2011,0,0,NA,0,0,1
"FJI",2012,0,0,NA,0,0,1
"FJI",2013,0,0,NA,0,0,1
"FJI",2014,0,0,NA,0,0,1
"FJI",2015,0,0,NA,0,0,1
"FJI",2016,0,0,NA,0,0,1
"FJI",2017,0,0,NA,0,0,1
"FJI",2018,0,0,NA,0,0,1
"FJI",2019,0,0,NA,0,0,1
"FRA",2000,0,0,NA,0,0,1
"FRA",2001,0,0,NA,0,0,1
"FRA",2002,0,0,NA,0,0,1
"FRA",2003,0,0,NA,0,0,1
"FRA",2004,0,0,NA,0,0,1
"FRA",2005,0,0,NA,0,0,1
"FRA",2006,0,0,NA,0,0,1
"FRA",2007,0,0,NA,0,0,1
"FRA",2009,0,0,NA,0,0,1
"FRA",2010,0,0,NA,0,0,1
"FRA",2011,0,0,NA,0,0,1
"FRA",2012,0,0,NA,0,0,1
"FRA",2014,0,0,NA,0,0,1
"FRA",2015,0,0,NA,0,0,1
"FSM",2000,0,0,NA,0,0,1
"FSM",2001,0,0,NA,0,0,1
"FSM",2002,0,0,NA,0,0,1
"FSM",2003,0,0,NA,0,0,1
"FSM",2004,0,0,NA,0,0,1
"FSM",2005,0,0,NA,0,0,1
"FSM",2006,0,0,NA,0,0,1
"FSM",2007,0,0,NA,0,0,1
"FSM",2008,0,0,NA,0,0,1
"FSM",2009,0,0,NA,0,0,1
"FSM",2010,0,0,NA,0,0,1
"FSM",2011,0,0,NA,0,0,1
"FSM",2012,0,0,NA,0,0,1
"FSM",2013,0,0,NA,0,0,1
"FSM",2014,0,0,NA,0,0,1
"FSM",2015,0,0,NA,0,0,1
"FSM",2016,0,0,NA,0,0,1
"FSM",2017,0,0,NA,0,0,1
"FSM",2018,0,0,NA,0,0,1
"FSM",2019,0,0,NA,0,0,1
"GAB",2000,0,0,NA,0,0,1
"GAB",2001,0,0,NA,0,0,1
"GAB",2002,0,0,NA,0,0,1
"GAB",2003,0,0,NA,0,0,1
"GAB",2004,0,0,NA,0,0,1
"GAB",2005,0,0,NA,0,0,1
"GAB",2006,0,0,NA,0,0,1
"GAB",2007,0,0,NA,0,0,1
"GAB",2008,0,0,NA,0,0,1
"GAB",2009,0,0,NA,0,0,1
"GAB",2010,0,0,NA,0,0,1
"GAB",2011,0,0,NA,0,0,1
"GAB",2012,0,0,NA,0,0,1
"GAB",2013,0,0,NA,0,0,1
"GAB",2014,0,0,NA,0,0,1
"GAB",2015,0,0,NA,0,0,1
"GAB",2016,0,0,NA,0,0,1
"GAB",2017,0,0,NA,0,0,1
"GAB",2018,0,0,NA,0,0,1
"GAB",2019,0,0,NA,0,0,1
"GBR",2000,0,0,NA,0,0,1
"GBR",2007,0,0,NA,0,0,1
"GBR",2008,0,0,NA,0,0,1
"GBR",2009,0,0,NA,0,0,1
"GBR",2011,0,0,NA,0,0,1
"GBR",2013,0,0,NA,0,0,1
"GBR",2014,0,0,NA,0,0,1
"GBR",2015,0,0,NA,0,0,1
"GBR",2016,0,0,NA,0,0,1
"GBR",2017,0,0,NA,0,0,1
"GBR",2018,0,0,NA,0,0,1
"GBR",2019,0,0,NA,0,0,1
"GEO",2000,0,0,NA,0,0,1
"GEO",2001,0,0,NA,0,0,1
"GEO",2002,0,0,NA,0,0,1
"GEO",2003,0,0,NA,0,0,1
"GEO",2004,0,0,NA,0,0,1
"GEO",2006,0,0,NA,0,0,1
"GEO",2007,0,0,NA,0,0,1
"GEO",2008,0,0,NA,0,0,1
"GEO",2010,0,0,NA,0,0,1
"GEO",2012,0,0,NA,0,0,1
"GEO",2013,0,0,NA,0,0,1
"GEO",2014,0,0,NA,0,0,1
"GEO",2015,0,0,NA,0,0,1
"GEO",2016,0,0,NA,0,0,1
"GEO",2017,0,0,NA,0,0,1
"GEO",2018,0,0,NA,0,0,1
"GEO",2019,0,0,NA,0,0,1
"GHA",2000,0,0,NA,0,0,1
"GHA",2004,0,0,NA,0,0,1
"GHA",2005,0,0,NA,0,0,1
"GHA",2006,0,0,NA,0,0,1
"GHA",2007,0,0,NA,0,0,1
"GHA",2008,0,0,NA,0,0,1
"GHA",2012,0,0,NA,0,0,1
"GHA",2013,0,0,NA,0,0,1
"GHA",2014,0,0,NA,0,0,1
"GHA",2015,0,0,NA,0,0,1
"GHA",2016,0,0,NA,0,0,1
"GHA",2017,0,0,NA,0,0,1
"GHA",2018,0,0,NA,0,0,1
"GHA",2019,0,0,NA,0,0,1
"GIN",2003,0,0,NA,0,0,1
"GIN",2004,0,0,NA,0,0,1
"GIN",2005,0,0,NA,0,0,1
"GIN",2009,0,0,NA,0,0,1
"GIN",2015,0,0,NA,0,0,1
"GIN",2017,0,0,NA,0,0,1
"GIN",2018,0,0,NA,0,0,1
"GIN",2019,0,0,NA,0,0,1
"GMB",2000,0,0,NA,0,0,1
"GMB",2001,0,0,NA,0,0,1
"GMB",2002,0,0,NA,0,0,1
"GMB",2003,0,0,NA,0,0,1
"GMB",2004,0,0,NA,0,0,1
"GMB",2007,0,0,NA,0,0,1
"GMB",2008,0,0,NA,0,0,1
"GMB",2009,0,0,NA,0,0,1
"GMB",2010,0,0,NA,0,0,1
"GMB",2011,0,0,NA,0,0,1
"GMB",2012,0,0,NA,0,0,1
"GMB",2014,0,0,NA,0,0,1
"GMB",2015,0,0,NA,0,0,1
"GMB",2016,0,0,NA,0,0,1
"GMB",2017,0,0,NA,0,0,1
"GMB",2018,0,0,NA,0,0,1
"GMB",2019,0,0,NA,0,0,1
"GNB",2001,0,0,NA,0,0,1
"GNB",2002,0,0,NA,0,0,1
"GNB",2003,0,0,NA,0,0,1
"GNB",2004,0,0,NA,0,0,1
"GNB",2005,0,0,NA,0,0,1
"GNB",2006,0,0,NA,0,0,1
"GNB",2007,0,0,NA,0,0,1
"GNB",2008,0,0,NA,0,0,1
"GNB",2009,0,0,NA,0,0,1
"GNB",2010,0,0,NA,0,0,1
"GNB",2011,0,0,NA,0,0,1
"GNB",2012,0,0,NA,0,0,1
"GNB",2013,0,0,NA,0,0,1
"GNB",2014,0,0,NA,0,0,1
"GNB",2015,0,0,NA,0,0,1
"GNB",2016,0,0,NA,0,0,1
"GNB",2017,0,0,NA,0,0,1
"GNB",2018,0,0,NA,0,0,1
"GNB",2019,0,0,NA,0,0,1
"GNQ",2000,0,0,NA,0,0,1
"GNQ",2001,0,0,NA,0,0,1
"GNQ",2002,0,0,NA,0,0,1
"GNQ",2003,0,0,NA,0,0,1
"GNQ",2004,0,0,NA,0,0,1
"GNQ",2005,0,0,NA,0,0,1
"GNQ",2006,0,0,NA,0,0,1
"GNQ",2007,0,0,NA,0,0,1
"GNQ",2008,0,0,NA,0,0,1
"GNQ",2009,0,0,NA,0,0,1
"GNQ",2010,0,0,NA,0,0,1
"GNQ",2011,0,0,NA,0,0,1
"GNQ",2012,0,0,NA,0,0,1
"GNQ",2013,0,0,NA,0,0,1
"GNQ",2014,0,0,NA,0,0,1
"GNQ",2015,0,0,NA,0,0,1
"GNQ",2016,0,0,NA,0,0,1
"GNQ",2017,0,0,NA,0,0,1
"GNQ",2018,0,0,NA,0,0,1
"GNQ",2019,0,0,NA,0,0,1
"GRC",2000,0,0,NA,0,0,1
"GRC",2001,0,0,NA,0,0,1
"GRC",2002,0,0,NA,0,0,1
"GRC",2003,0,0,NA,0,0,1
"GRC",2004,0,0,NA,0,0,1
"GRC",2005,0,0,NA,0,0,1
"GRC",2006,0,0,NA,0,0,1
"GRC",2007,0,0,NA,0,0,1
"GRC",2008,0,0,NA,0,0,1
"GRC",2009,0,0,NA,0,0,1
"GRC",2010,0,0,NA,0,0,1
"GRC",2011,0,0,NA,0,0,1
"GRC",2012,0,0,NA,0,0,1
"GRC",2013,0,0,NA,0,0,1
"GRC",2014,0,0,NA,0,0,1
"GRC",2015,0,0,NA,0,0,1
"GRC",2016,0,0,NA,0,0,1
"GRC",2017,0,0,NA,0,0,1
"GRC",2018,0,0,NA,0,0,1
"GRC",2019,0,0,NA,0,0,1
"GRD",2000,0,0,NA,0,0,1
"GRD",2001,0,0,NA,0,0,1
"GRD",2002,0,0,NA,0,0,1
"GRD",2003,0,0,NA,0,0,1
"GRD",2004,0,0,NA,0,0,1
"GRD",2005,0,0,NA,0,0,1
"GRD",2006,0,0,NA,0,0,1
"GRD",2007,0,0,NA,0,0,1
"GRD",2008,0,0,NA,0,0,1
"GRD",2009,0,0,NA,0,0,1
"GRD",2010,0,0,NA,0,0,1
"GRD",2011,0,0,NA,0,0,1
"GRD",2012,0,0,NA,0,0,1
"GRD",2013,0,0,NA,0,0,1
"GRD",2014,0,0,NA,0,0,1
"GRD",2015,0,0,NA,0,0,1
"GRD",2016,0,0,NA,0,0,1
"GRD",2017,0,0,NA,0,0,1
"GRD",2018,0,0,NA,0,0,1
"GRD",2019,0,0,NA,0,0,1
"GTM",2000,0,0,NA,0,0,1
"GTM",2001,0,0,NA,0,0,1
"GTM",2004,0,0,NA,0,0,1
"GTM",2007,0,0,NA,0,0,1
"GTM",2011,0,0,NA,0,0,1
"GTM",2013,0,0,NA,0,0,1
"GTM",2014,0,0,NA,0,0,1
"GTM",2015,0,0,NA,0,0,1
"GTM",2017,0,0,NA,0,0,1
"GTM",2018,0,0,NA,0,0,1
"GTM",2019,0,0,NA,0,0,1
"GUY",2000,0,0,NA,0,0,1
"GUY",2001,0,0,NA,0,0,1
"GUY",2002,0,0,NA,0,0,1
"GUY",2003,0,0,NA,0,0,1
"GUY",2004,0,0,NA,0,0,1
"GUY",2005,0,0,NA,0,0,1
"GUY",2006,0,0,NA,0,0,1
"GUY",2007,0,0,NA,0,0,1
"GUY",2008,0,0,NA,0,0,1
"GUY",2010,0,0,NA,0,0,1
"GUY",2011,0,0,NA,0,0,1
"GUY",2012,0,0,NA,0,0,1
"GUY",2013,0,0,NA,0,0,1
"GUY",2014,0,0,NA,0,0,1
"GUY",2015,0,0,NA,0,0,1
"GUY",2016,0,0,NA,0,0,1
"GUY",2017,0,0,NA,0,0,1
"GUY",2018,0,0,NA,0,0,1
"GUY",2019,0,0,NA,0,0,1
"HND",2002,0,0,NA,0,0,1
"HND",2006,0,0,NA,0,0,1
"HND",2007,0,0,NA,0,0,1
"HND",2008,0,0,NA,0,0,1
"HND",2010,0,0,NA,0,0,1
"HND",2014,0,0,NA,0,0,1
"HND",2016,0,0,NA,0,0,1
"HND",2018,0,0,NA,0,0,1
"HND",2019,0,0,NA,0,0,1
"HRV",2000,0,0,NA,0,0,1
"HRV",2001,0,0,NA,0,0,1
"HRV",2002,0,0,NA,0,0,1
"HRV",2003,0,0,NA,0,0,1
"HRV",2004,0,0,NA,0,0,1
"HRV",2005,0,0,NA,0,0,1
"HRV",2006,0,0,NA,0,0,1
"HRV",2007,0,0,NA,0,0,1
"HRV",2008,0,0,NA,0,0,1
"HRV",2009,0,0,NA,0,0,1
"HRV",2010,0,0,NA,0,0,1
"HRV",2011,0,0,NA,0,0,1
"HRV",2012,0,0,NA,0,0,1
"HRV",2013,0,0,NA,0,0,1
"HRV",2014,0,0,NA,0,0,1
"HRV",2015,0,0,NA,0,0,1
"HRV",2016,0,0,NA,0,0,1
"HRV",2017,0,0,NA,0,0,1
"HRV",2018,0,0,NA,0,0,1
"HRV",2019,0,0,NA,0,0,1
"HTI",2001,0,0,NA,0,0,1
"HTI",2002,0,0,NA,0,0,1
"HTI",2003,0,0,NA,0,0,1
"HTI",2004,0,0,NA,0,0,1
"HTI",2007,0,0,NA,0,0,1
"HTI",2008,0,0,NA,0,0,1
"HTI",2009,0,0,NA,0,0,1
"HTI",2010,0,0,NA,0,0,1
"HTI",2011,0,0,NA,0,0,1
"HTI",2012,0,0,NA,0,0,1
"HTI",2013,0,0,NA,0,0,1
"HTI",2014,0,0,NA,0,0,1
"HTI",2015,0,0,NA,0,0,1
"HTI",2016,0,0,NA,0,0,1
"HTI",2017,0,0,NA,0,0,1
"HUN",2000,0,0,NA,0,0,1
"HUN",2001,0,0,NA,0,0,1
"HUN",2002,0,0,NA,0,0,1
"HUN",2003,0,0,NA,0,0,1
"HUN",2004,0,0,NA,0,0,1
"HUN",2005,0,0,NA,0,0,1
"HUN",2006,0,0,NA,0,0,1
"HUN",2007,0,0,NA,0,0,1
"HUN",2008,0,0,NA,0,0,1
"HUN",2009,0,0,NA,0,0,1
"HUN",2010,0,0,NA,0,0,1
"HUN",2011,0,0,NA,0,0,1
"HUN",2012,0,0,NA,0,0,1
"HUN",2013,0,0,NA,0,0,1
"HUN",2014,0,0,NA,0,0,1
"HUN",2015,0,0,NA,0,0,1
"HUN",2016,0,0,NA,0,0,1
"HUN",2017,0,0,NA,0,0,1
"HUN",2018,0,0,NA,0,0,1
"HUN",2019,0,0,NA,0,0,1
"IDN",2010,0,0,NA,0,0,1
"IDN",2011,0,0,NA,0,0,1
"IDN",2017,0,0,NA,0,0,1
"IRL",2000,0,0,NA,0,0,1
"IRL",2001,0,0,NA,0,0,1
"IRL",2002,0,0,NA,0,0,1
"IRL",2003,0,0,NA,0,0,1
"IRL",2004,0,0,NA,0,0,1
"IRL",2005,0,0,NA,0,0,1
"IRL",2006,0,0,NA,0,0,1
"IRL",2007,0,0,NA,0,0,1
"IRL",2008,0,0,NA,0,0,1
"IRL",2009,0,0,NA,0,0,1
"IRL",2010,0,0,NA,0,0,1
"IRL",2011,0,0,NA,0,0,1
"IRL",2012,0,0,NA,0,0,1
"IRL",2013,0,0,NA,0,0,1
"IRL",2014,0,0,NA,0,0,1
"IRL",2015,0,0,NA,0,0,1
"IRL",2016,0,0,NA,0,0,1
"IRL",2017,0,0,NA,0,0,1
"IRL",2018,0,0,NA,0,0,1
"IRL",2019,0,0,NA,0,0,1
"IRN",2003,0,0,NA,0,0,1
"IRN",2005,0,0,NA,0,0,1
"ISL",2000,0,0,NA,0,0,1
"ISL",2001,0,0,NA,0,0,1
"ISL",2002,0,0,NA,0,0,1
"ISL",2003,0,0,NA,0,0,1
"ISL",2004,0,0,NA,0,0,1
"ISL",2005,0,0,NA,0,0,1
"ISL",2006,0,0,NA,0,0,1
"ISL",2007,0,0,NA,0,0,1
"ISL",2008,0,0,NA,0,0,1
"ISL",2009,0,0,NA,0,0,1
"ISL",2010,0,0,NA,0,0,1
"ISL",2011,0,0,NA,0,0,1
"ISL",2012,0,0,NA,0,0,1
"ISL",2013,0,0,NA,0,0,1
"ISL",2014,0,0,NA,0,0,1
"ISL",2015,0,0,NA,0,0,1
"ISL",2016,0,0,NA,0,0,1
"ISL",2017,0,0,NA,0,0,1
"ISL",2018,0,0,NA,0,0,1
"ISL",2019,0,0,NA,0,0,1
"ITA",2000,0,0,NA,0,0,1
"ITA",2001,0,0,NA,0,0,1
"ITA",2002,0,0,NA,0,0,1
"ITA",2003,0,0,NA,0,0,1
"ITA",2004,0,0,NA,0,0,1
"ITA",2005,0,0,NA,0,0,1
"ITA",2006,0,0,NA,0,0,1
"ITA",2007,0,0,NA,0,0,1
"ITA",2008,0,0,NA,0,0,1
"ITA",2009,0,0,NA,0,0,1
"ITA",2010,0,0,NA,0,0,1
"ITA",2011,0,0,NA,0,0,1
"ITA",2012,0,0,NA,0,0,1
"ITA",2013,0,0,NA,0,0,1
"ITA",2014,0,0,NA,0,0,1
"ITA",2015,0,0,NA,0,0,1
"ITA",2016,0,0,NA,0,0,1
"ITA",2017,0,0,NA,0,0,1
"ITA",2018,0,0,NA,0,0,1
"ITA",2019,0,0,NA,0,0,1
"JAM",2000,0,0,NA,0,0,1
"JAM",2001,0,0,NA,0,0,1
"JAM",2005,0,0,NA,0,0,1
"JAM",2006,0,0,NA,0,0,1
"JAM",2007,0,0,NA,0,0,1
"JAM",2008,0,0,NA,0,0,1
"JAM",2009,0,0,NA,0,0,1
"JAM",2010,0,0,NA,0,0,1
"JAM",2011,0,0,NA,0,0,1
"JAM",2012,0,0,NA,0,0,1
"JAM",2013,0,0,NA,0,0,1
"JAM",2014,0,0,NA,0,0,1
"JAM",2015,0,0,NA,0,0,1
"JAM",2016,0,0,NA,0,0,1
"JAM",2017,0,0,NA,0,0,1
"JAM",2018,0,0,NA,0,0,1
"JAM",2019,0,0,NA,0,0,1
"JOR",2000,0,0,NA,0,0,1
"JOR",2001,0,0,NA,0,0,1
"JOR",2002,0,0,NA,0,0,1
"JOR",2003,0,0,NA,0,0,1
"JOR",2004,0,0,NA,0,0,1
"JOR",2005,0,0,NA,0,0,1
"JOR",2007,0,0,NA,0,0,1
"JOR",2008,0,0,NA,0,0,1
"JOR",2009,0,0,NA,0,0,1
"JOR",2010,0,0,NA,0,0,1
"JOR",2011,0,0,NA,0,0,1
"JOR",2012,0,0,NA,0,0,1
"JOR",2013,0,0,NA,0,0,1
"JOR",2014,0,0,NA,0,0,1
"JOR",2015,0,0,NA,0,0,1
"JOR",2018,0,0,NA,0,0,1
"JOR",2019,0,0,NA,0,0,1
"JPN",2000,0,0,NA,0,0,1
"JPN",2001,0,0,NA,0,0,1
"JPN",2002,0,0,NA,0,0,1
"JPN",2003,0,0,NA,0,0,1
"JPN",2004,0,0,NA,0,0,1
"JPN",2005,0,0,NA,0,0,1
"JPN",2006,0,0,NA,0,0,1
"JPN",2007,0,0,NA,0,0,1
"JPN",2008,0,0,NA,0,0,1
"JPN",2009,0,0,NA,0,0,1
"JPN",2010,0,0,NA,0,0,1
"JPN",2011,0,0,NA,0,0,1
"JPN",2012,0,0,NA,0,0,1
"JPN",2013,0,0,NA,0,0,1
"JPN",2014,0,0,NA,0,0,1
"JPN",2015,0,0,NA,0,0,1
"JPN",2016,0,0,NA,0,0,1
"JPN",2017,0,0,NA,0,0,1
"JPN",2018,0,0,NA,0,0,1
"JPN",2019,0,0,NA,0,0,1
"KAZ",2000,0,0,NA,0,0,1
"KAZ",2001,0,0,NA,0,0,1
"KAZ",2002,0,0,NA,0,0,1
"KAZ",2003,0,0,NA,0,0,1
"KAZ",2004,0,0,NA,0,0,1
"KAZ",2005,0,0,NA,0,0,1
"KAZ",2006,0,0,NA,0,0,1
"KAZ",2007,0,0,NA,0,0,1
"KAZ",2008,0,0,NA,0,0,1
"KAZ",2009,0,0,NA,0,0,1
"KAZ",2010,0,0,NA,0,0,1
"KAZ",2011,0,0,NA,0,0,1
"KAZ",2012,0,0,NA,0,0,1
"KAZ",2013,0,0,NA,0,0,1
"KAZ",2014,0,0,NA,0,0,1
"KAZ",2015,0,0,NA,0,0,1
"KAZ",2016,0,0,NA,0,0,1
"KAZ",2017,0,0,NA,0,0,1
"KAZ",2018,0,0,NA,0,0,1
"KAZ",2019,0,0,NA,0,0,1
"KGZ",2002,0,0,NA,0,0,1
"KGZ",2003,0,0,NA,0,0,1
"KGZ",2004,0,0,NA,0,0,1
"KGZ",2005,0,0,NA,0,0,1
"KGZ",2006,0,0,NA,0,0,1
"KGZ",2008,0,0,NA,0,0,1
"KGZ",2009,0,0,NA,0,0,1
"KGZ",2010,0,0,NA,0,0,1
"KGZ",2012,0,0,NA,0,0,1
"KGZ",2013,0,0,NA,0,0,1
"KGZ",2014,0,0,NA,0,0,1
"KGZ",2015,0,0,NA,0,0,1
"KGZ",2017,0,0,NA,0,0,1
"KGZ",2018,0,0,NA,0,0,1
"KGZ",2019,0,0,NA,0,0,1
"KHM",2000,0,0,NA,0,0,1
"KHM",2002,0,0,NA,0,0,1
"KHM",2003,0,0,NA,0,0,1
"KHM",2005,0,0,NA,0,0,1
"KHM",2006,0,0,NA,0,0,1
"KHM",2007,0,0,NA,0,0,1
"KHM",2011,0,0,NA,0,0,1
"KHM",2014,0,0,NA,0,0,1
"KHM",2015,0,0,NA,0,0,1
"KHM",2016,0,0,NA,0,0,1
"KHM",2017,0,0,NA,0,0,1
"KHM",2018,0,0,NA,0,0,1
"KHM",2019,0,0,NA,0,0,1
"KIR",2000,0,0,NA,0,0,1
"KIR",2001,0,0,NA,0,0,1
"KIR",2002,0,0,NA,0,0,1
"KIR",2003,0,0,NA,0,0,1
"KIR",2004,0,0,NA,0,0,1
"KIR",2005,0,0,NA,0,0,1
"KIR",2006,0,0,NA,0,0,1
"KIR",2007,0,0,NA,0,0,1
"KIR",2008,0,0,NA,0,0,1
"KIR",2009,0,0,NA,0,0,1
"KIR",2010,0,0,NA,0,0,1
"KIR",2011,0,0,NA,0,0,1
"KIR",2012,0,0,NA,0,0,1
"KIR",2013,0,0,NA,0,0,1
"KIR",2014,0,0,NA,0,0,1
"KIR",2015,0,0,NA,0,0,1
"KIR",2016,0,0,NA,0,0,1
"KIR",2017,0,0,NA,0,0,1
"KIR",2018,0,0,NA,0,0,1
"KIR",2019,0,0,NA,0,0,1
"KOR",2000,0,0,NA,0,0,1
"KOR",2001,0,0,NA,0,0,1
"KOR",2002,0,0,NA,0,0,1
"KOR",2003,0,0,NA,0,0,1
"KOR",2004,0,0,NA,0,0,1
"KOR",2005,0,0,NA,0,0,1
"KOR",2006,0,0,NA,0,0,1
"KOR",2007,0,0,NA,0,0,1
"KOR",2008,0,0,NA,0,0,1
"KOR",2009,0,0,NA,0,0,1
"KOR",2010,0,0,NA,0,0,1
"KOR",2011,0,0,NA,0,0,1
"KOR",2012,0,0,NA,0,0,1
"KOR",2013,0,0,NA,0,0,1
"KOR",2014,0,0,NA,0,0,1
"KOR",2015,0,0,NA,0,0,1
"KOR",2016,0,0,NA,0,0,1
"KOR",2017,0,0,NA,0,0,1
"KOR",2018,0,0,NA,0,0,1
"KOR",2019,0,0,NA,0,0,1
"KWT",2000,0,0,NA,0,0,1
"KWT",2001,0,0,NA,0,0,1
"KWT",2002,0,0,NA,0,0,1
"KWT",2003,0,0,NA,0,0,1
"KWT",2004,0,0,NA,0,0,1
"KWT",2005,0,0,NA,0,0,1
"KWT",2006,0,0,NA,0,0,1
"KWT",2007,0,0,NA,0,0,1
"KWT",2008,0,0,NA,0,0,1
"KWT",2009,0,0,NA,0,0,1
"KWT",2010,0,0,NA,0,0,1
"KWT",2011,0,0,NA,0,0,1
"KWT",2012,0,0,NA,0,0,1
"KWT",2013,0,0,NA,0,0,1
"KWT",2014,0,0,NA,0,0,1
"KWT",2015,0,0,NA,0,0,1
"KWT",2017,0,0,NA,0,0,1
"KWT",2018,0,0,NA,0,0,1
"KWT",2019,0,0,NA,0,0,1
"LAO",2002,0,0,NA,0,0,1
"LAO",2006,0,0,NA,0,0,1
"LAO",2008,0,0,NA,0,0,1
"LAO",2009,0,0,NA,0,0,1
"LAO",2010,0,0,NA,0,0,1
"LAO",2011,0,0,NA,0,0,1
"LAO",2012,0,0,NA,0,0,1
"LAO",2013,0,0,NA,0,0,1
"LAO",2014,0,0,NA,0,0,1
"LAO",2015,0,0,NA,0,0,1
"LAO",2016,0,0,NA,0,0,1
"LAO",2017,0,0,NA,0,0,1
"LAO",2018,0,0,NA,0,0,1
"LAO",2019,0,0,NA,0,0,1
"LBN",2003,0,0,NA,0,0,1
"LBN",2005,0,0,NA,0,0,1
"LBN",2008,0,0,NA,0,0,1
"LBN",2010,0,0,NA,0,0,1
"LBN",2011,0,0,NA,0,0,1
"LBR",2005,0,0,NA,0,0,1
"LBR",2006,0,0,NA,0,0,1
"LBR",2007,0,0,NA,0,0,1
"LBR",2008,0,0,NA,0,0,1
"LBR",2009,0,0,NA,0,0,1
"LBR",2010,0,0,NA,0,0,1
"LBR",2011,0,0,NA,0,0,1
"LBR",2012,0,0,NA,0,0,1
"LBR",2013,0,0,NA,0,0,1
"LBR",2014,0,0,NA,0,0,1
"LBR",2015,0,0,NA,0,0,1
"LBR",2016,0,0,NA,0,0,1
"LBR",2017,0,0,NA,0,0,1
"LBR",2018,0,0,NA,0,0,1
"LBR",2019,0,0,NA,0,0,1
"LBY",2000,0,0,NA,0,0,1
"LBY",2001,0,0,NA,0,0,1
"LBY",2002,0,0,NA,0,0,1
"LBY",2003,0,0,NA,0,0,1
"LBY",2004,0,0,NA,0,0,1
"LBY",2005,0,0,NA,0,0,1
"LBY",2006,0,0,NA,0,0,1
"LBY",2007,0,0,NA,0,0,1
"LBY",2008,0,0,NA,0,0,1
"LBY",2010,0,0,NA,0,0,1
"LBY",2011,0,0,NA,0,0,1
"LCA",2000,0,0,NA,0,0,1
"LCA",2001,0,0,NA,0,0,1
"LCA",2002,0,0,NA,0,0,1
"LCA",2003,0,0,NA,0,0,1
"LCA",2004,0,0,NA,0,0,1
"LCA",2005,0,0,NA,0,0,1
"LCA",2006,0,0,NA,0,0,1
"LCA",2007,0,0,NA,0,0,1
"LCA",2008,0,0,NA,0,0,1
"LCA",2009,0,0,NA,0,0,1
"LCA",2010,0,0,NA,0,0,1
"LCA",2011,0,0,NA,0,0,1
"LCA",2012,0,0,NA,0,0,1
"LCA",2013,0,0,NA,0,0,1
"LCA",2014,0,0,NA,0,0,1
"LCA",2015,0,0,NA,0,0,1
"LCA",2016,0,0,NA,0,0,1
"LCA",2017,0,0,NA,0,0,1
"LCA",2018,0,0,NA,0,0,1
"LCA",2019,0,0,NA,0,0,1
"LKA",2011,0,0,NA,0,0,1
"LKA",2013,0,0,NA,0,0,1
"LKA",2015,0,0,NA,0,0,1
"LKA",2016,0,0,NA,0,0,1
"LKA",2017,0,0,NA,0,0,1
"LKA",2019,0,0,NA,0,0,1
"LSO",2000,0,0,NA,0,0,1
"LSO",2001,0,0,NA,0,0,1
"LSO",2002,0,0,NA,0,0,1
"LSO",2003,0,0,NA,0,0,1
"LSO",2004,0,0,NA,0,0,1
"LSO",2005,0,0,NA,0,0,1
"LSO",2006,0,0,NA,0,0,1
"LSO",2007,0,0,NA,0,0,1
"LSO",2008,0,0,NA,0,0,1
"LSO",2009,0,0,NA,0,0,1
"LSO",2010,0,0,NA,0,0,1
"LSO",2011,0,0,NA,0,0,1
"LSO",2012,0,0,NA,0,0,1
"LSO",2013,0,0,NA,0,0,1
"LSO",2014,0,0,NA,0,0,1
"LSO",2015,0,0,NA,0,0,1
"LSO",2016,0,0,NA,0,0,1
"LSO",2017,0,0,NA,0,0,1
"LSO",2018,0,0,NA,0,0,1
"LSO",2019,0,0,NA,0,0,1
"LTU",2000,0,0,NA,0,0,1
"LTU",2001,0,0,NA,0,0,1
"LTU",2002,0,0,NA,0,0,1
"LTU",2003,0,0,NA,0,0,1
"LTU",2004,0,0,NA,0,0,1
"LTU",2005,0,0,NA,0,0,1
"LTU",2006,0,0,NA,0,0,1
"LTU",2007,0,0,NA,0,0,1
"LTU",2008,0,0,NA,0,0,1
"LTU",2009,0,0,NA,0,0,1
"LTU",2010,0,0,NA,0,0,1
"LTU",2011,0,0,NA,0,0,1
"LTU",2012,0,0,NA,0,0,1
"LTU",2013,0,0,NA,0,0,1
"LTU",2014,0,0,NA,0,0,1
"LTU",2015,0,0,NA,0,0,1
"LTU",2016,0,0,NA,0,0,1
"LTU",2017,0,0,NA,0,0,1
"LTU",2018,0,0,NA,0,0,1
"LTU",2019,0,0,NA,0,0,1
"LUX",2000,0,0,NA,0,0,1
"LUX",2001,0,0,NA,0,0,1
"LUX",2002,0,0,NA,0,0,1
"LUX",2003,0,0,NA,0,0,1
"LUX",2004,0,0,NA,0,0,1
"LUX",2005,0,0,NA,0,0,1
"LUX",2006,0,0,NA,0,0,1
"LUX",2007,0,0,NA,0,0,1
"LUX",2008,0,0,NA,0,0,1
"LUX",2009,0,0,NA,0,0,1
"LUX",2010,0,0,NA,0,0,1
"LUX",2011,0,0,NA,0,0,1
"LUX",2012,0,0,NA,0,0,1
"LUX",2013,0,0,NA,0,0,1
"LUX",2014,0,0,NA,0,0,1
"LUX",2015,0,0,NA,0,0,1
"LUX",2016,0,0,NA,0,0,1
"LUX",2017,0,0,NA,0,0,1
"LUX",2018,0,0,NA,0,0,1
"LUX",2019,0,0,NA,0,0,1
"LVA",2000,0,0,NA,0,0,1
"LVA",2001,0,0,NA,0,0,1
"LVA",2002,0,0,NA,0,0,1
"LVA",2003,0,0,NA,0,0,1
"LVA",2004,0,0,NA,0,0,1
"LVA",2005,0,0,NA,0,0,1
"LVA",2006,0,0,NA,0,0,1
"LVA",2007,0,0,NA,0,0,1
"LVA",2008,0,0,NA,0,0,1
"LVA",2009,0,0,NA,0,0,1
"LVA",2010,0,0,NA,0,0,1
"LVA",2011,0,0,NA,0,0,1
"LVA",2012,0,0,NA,0,0,1
"LVA",2013,0,0,NA,0,0,1
"LVA",2014,0,0,NA,0,0,1
"LVA",2015,0,0,NA,0,0,1
"LVA",2016,0,0,NA,0,0,1
"LVA",2017,0,0,NA,0,0,1
"LVA",2018,0,0,NA,0,0,1
"LVA",2019,0,0,NA,0,0,1
"MAR",2000,0,0,NA,0,0,1
"MAR",2001,0,0,NA,0,0,1
"MAR",2002,0,0,NA,0,0,1
"MAR",2003,0,0,NA,0,0,1
"MAR",2005,0,0,NA,0,0,1
"MAR",2006,0,0,NA,0,0,1
"MAR",2007,0,0,NA,0,0,1
"MAR",2008,0,0,NA,0,0,1
"MAR",2009,0,0,NA,0,0,1
"MAR",2010,0,0,NA,0,0,1
"MAR",2011,0,0,NA,0,0,1
"MAR",2012,0,0,NA,0,0,1
"MAR",2013,0,0,NA,0,0,1
"MAR",2014,0,0,NA,0,0,1
"MAR",2015,0,0,NA,0,0,1
"MAR",2016,0,0,NA,0,0,1
"MAR",2017,0,0,NA,0,0,1
"MAR",2018,0,0,NA,0,0,1
"MAR",2019,0,0,NA,0,0,1
"MDA",2000,0,0,NA,0,0,1
"MDA",2001,0,0,NA,0,0,1
"MDA",2002,0,0,NA,0,0,1
"MDA",2003,0,0,NA,0,0,1
"MDA",2004,0,0,NA,0,0,1
"MDA",2005,0,0,NA,0,0,1
"MDA",2006,0,0,NA,0,0,1
"MDA",2007,0,0,NA,0,0,1
"MDA",2008,0,0,NA,0,0,1
"MDA",2009,0,0,NA,0,0,1
"MDA",2010,0,0,NA,0,0,1
"MDA",2011,0,0,NA,0,0,1
"MDA",2012,0,0,NA,0,0,1
"MDA",2013,0,0,NA,0,0,1
"MDA",2014,0,0,NA,0,0,1
"MDA",2015,0,0,NA,0,0,1
"MDA",2016,0,0,NA,0,0,1
"MDA",2017,0,0,NA,0,0,1
"MDA",2018,0,0,NA,0,0,1
"MDA",2019,0,0,NA,0,0,1
"MDG",2000,0,0,NA,0,0,1
"MDG",2001,0,0,NA,0,0,1
"MDG",2002,0,0,NA,0,0,1
"MDG",2004,0,0,NA,0,0,1
"MDG",2005,0,0,NA,0,0,1
"MDG",2006,0,0,NA,0,0,1
"MDG",2007,0,0,NA,0,0,1
"MDG",2008,0,0,NA,0,0,1
"MDG",2009,0,0,NA,0,0,1
"MDG",2011,0,0,NA,0,0,1
"MDG",2012,0,0,NA,0,0,1
"MDG",2014,0,0,NA,0,0,1
"MDG",2015,0,0,NA,0,0,1
"MDG",2016,0,0,NA,0,0,1
"MDG",2017,0,0,NA,0,0,1
"MDG",2019,0,0,NA,0,0,1
"MDV",2000,0,0,NA,0,0,1
"MDV",2001,0,0,NA,0,0,1
"MDV",2002,0,0,NA,0,0,1
"MDV",2003,0,0,NA,0,0,1
"MDV",2004,0,0,NA,0,0,1
"MDV",2005,0,0,NA,0,0,1
"MDV",2006,0,0,NA,0,0,1
"MDV",2007,0,0,NA,0,0,1
"MDV",2008,0,0,NA,0,0,1
"MDV",2009,0,0,NA,0,0,1
"MDV",2010,0,0,NA,0,0,1
"MDV",2011,0,0,NA,0,0,1
"MDV",2012,0,0,NA,0,0,1
"MDV",2013,0,0,NA,0,0,1
"MDV",2014,0,0,NA,0,0,1
"MDV",2015,0,0,NA,0,0,1
"MDV",2016,0,0,NA,0,0,1
"MDV",2017,0,0,NA,0,0,1
"MDV",2018,0,0,NA,0,0,1
"MDV",2019,0,0,NA,0,0,1
"MEX",2000,0,0,NA,0,0,1
"MEX",2001,0,0,NA,0,0,1
"MEX",2002,0,0,NA,0,0,1
"MEX",2004,0,0,NA,0,0,1
"MHL",2000,0,0,NA,0,0,1
"MHL",2001,0,0,NA,0,0,1
"MHL",2002,0,0,NA,0,0,1
"MHL",2003,0,0,NA,0,0,1
"MHL",2004,0,0,NA,0,0,1
"MHL",2005,0,0,NA,0,0,1
"MHL",2006,0,0,NA,0,0,1
"MHL",2007,0,0,NA,0,0,1
"MHL",2008,0,0,NA,0,0,1
"MHL",2009,0,0,NA,0,0,1
"MHL",2010,0,0,NA,0,0,1
"MHL",2011,0,0,NA,0,0,1
"MHL",2012,0,0,NA,0,0,1
"MHL",2013,0,0,NA,0,0,1
"MHL",2014,0,0,NA,0,0,1
"MHL",2015,0,0,NA,0,0,1
"MHL",2016,0,0,NA,0,0,1
"MHL",2017,0,0,NA,0,0,1
"MHL",2018,0,0,NA,0,0,1
"MHL",2019,0,0,NA,0,0,1
"MKD",2003,0,0,NA,0,0,1
"MKD",2004,0,0,NA,0,0,1
"MKD",2005,0,0,NA,0,0,1
"MKD",2006,0,0,NA,0,0,1
"MKD",2007,0,0,NA,0,0,1
"MKD",2008,0,0,NA,0,0,1
"MKD",2009,0,0,NA,0,0,1
"MKD",2010,0,0,NA,0,0,1
"MKD",2011,0,0,NA,0,0,1
"MKD",2012,0,0,NA,0,0,1
"MKD",2013,0,0,NA,0,0,1
"MKD",2014,0,0,NA,0,0,1
"MKD",2015,0,0,NA,0,0,1
"MKD",2016,0,0,NA,0,0,1
"MKD",2017,0,0,NA,0,0,1
"MKD",2018,0,0,NA,0,0,1
"MKD",2019,0,0,NA,0,0,1
"MLI",2001,0,0,NA,0,0,1
"MLI",2002,0,0,NA,0,0,1
"MLI",2004,0,0,NA,0,0,1
"MLI",2007,0,0,NA,0,0,1
"MLT",2000,0,0,NA,0,0,1
"MLT",2001,0,0,NA,0,0,1
"MLT",2002,0,0,NA,0,0,1
"MLT",2003,0,0,NA,0,0,1
"MLT",2004,0,0,NA,0,0,1
"MLT",2005,0,0,NA,0,0,1
"MLT",2006,0,0,NA,0,0,1
"MLT",2007,0,0,NA,0,0,1
"MLT",2008,0,0,NA,0,0,1
"MLT",2009,0,0,NA,0,0,1
"MLT",2010,0,0,NA,0,0,1
"MLT",2011,0,0,NA,0,0,1
"MLT",2012,0,0,NA,0,0,1
"MLT",2013,0,0,NA,0,0,1
"MLT",2014,0,0,NA,0,0,1
"MLT",2015,0,0,NA,0,0,1
"MLT",2016,0,0,NA,0,0,1
"MLT",2017,0,0,NA,0,0,1
"MLT",2018,0,0,NA,0,0,1
"MLT",2019,0,0,NA,0,0,1
"MNE",2000,0,0,NA,0,0,1
"MNE",2001,0,0,NA,0,0,1
"MNE",2002,0,0,NA,0,0,1
"MNE",2003,0,0,NA,0,0,1
"MNE",2004,0,0,NA,0,0,1
"MNE",2005,0,0,NA,0,0,1
"MNE",2006,0,0,NA,0,0,1
"MNE",2007,0,0,NA,0,0,1
"MNE",2008,0,0,NA,0,0,1
"MNE",2009,0,0,NA,0,0,1
"MNE",2010,0,0,NA,0,0,1
"MNE",2011,0,0,NA,0,0,1
"MNE",2012,0,0,NA,0,0,1
"MNE",2013,0,0,NA,0,0,1
"MNE",2014,0,0,NA,0,0,1
"MNE",2015,0,0,NA,0,0,1
"MNE",2016,0,0,NA,0,0,1
"MNE",2017,0,0,NA,0,0,1
"MNE",2018,0,0,NA,0,0,1
"MNE",2019,0,0,NA,0,0,1
"MNG",2000,0,0,NA,0,0,1
"MNG",2001,0,0,NA,0,0,1
"MNG",2002,0,0,NA,0,0,1
"MNG",2003,0,0,NA,0,0,1
"MNG",2004,0,0,NA,0,0,1
"MNG",2005,0,0,NA,0,0,1
"MNG",2006,0,0,NA,0,0,1
"MNG",2007,0,0,NA,0,0,1
"MNG",2008,0,0,NA,0,0,1
"MNG",2009,0,0,NA,0,0,1
"MNG",2010,0,0,NA,0,0,1
"MNG",2011,0,0,NA,0,0,1
"MNG",2012,0,0,NA,0,0,1
"MNG",2013,0,0,NA,0,0,1
"MNG",2014,0,0,NA,0,0,1
"MNG",2015,0,0,NA,0,0,1
"MNG",2016,0,0,NA,0,0,1
"MNG",2017,0,0,NA,0,0,1
"MNG",2018,0,0,NA,0,0,1
"MNG",2019,0,0,NA,0,0,1
"MOZ",2000,0,0,NA,0,0,1
"MOZ",2001,0,0,NA,0,0,1
"MOZ",2002,0,0,NA,0,0,1
"MOZ",2003,0,0,NA,0,0,1
"MOZ",2004,0,0,NA,0,0,1
"MOZ",2007,0,0,NA,0,0,1
"MOZ",2008,0,0,NA,0,0,1
"MOZ",2009,0,0,NA,0,0,1
"MOZ",2010,0,0,NA,0,0,1
"MOZ",2012,0,0,NA,0,0,1
"MRT",2000,0,0,NA,0,0,1
"MRT",2001,0,0,NA,0,0,1
"MRT",2002,0,0,NA,0,0,1
"MRT",2003,0,0,NA,0,0,1
"MRT",2004,0,0,NA,0,0,1
"MRT",2005,0,0,NA,0,0,1
"MRT",2006,0,0,NA,0,0,1
"MRT",2007,0,0,NA,0,0,1
"MRT",2014,0,0,NA,0,0,1
"MRT",2015,0,0,NA,0,0,1
"MRT",2016,0,0,NA,0,0,1
"MRT",2017,0,0,NA,0,0,1
"MRT",2018,0,0,NA,0,0,1
"MRT",2019,0,0,NA,0,0,1
"MUS",2000,0,0,NA,0,0,1
"MUS",2001,0,0,NA,0,0,1
"MUS",2002,0,0,NA,0,0,1
"MUS",2003,0,0,NA,0,0,1
"MUS",2004,0,0,NA,0,0,1
"MUS",2005,0,0,NA,0,0,1
"MUS",2006,0,0,NA,0,0,1
"MUS",2007,0,0,NA,0,0,1
"MUS",2008,0,0,NA,0,0,1
"MUS",2009,0,0,NA,0,0,1
"MUS",2010,0,0,NA,0,0,1
"MUS",2011,0,0,NA,0,0,1
"MUS",2012,0,0,NA,0,0,1
"MUS",2013,0,0,NA,0,0,1
"MUS",2014,0,0,NA,0,0,1
"MUS",2015,0,0,NA,0,0,1
"MUS",2016,0,0,NA,0,0,1
"MUS",2017,0,0,NA,0,0,1
"MUS",2018,0,0,NA,0,0,1
"MUS",2019,0,0,NA,0,0,1
"MWI",2000,0,0,NA,0,0,1
"MWI",2001,0,0,NA,0,0,1
"MWI",2002,0,0,NA,0,0,1
"MWI",2003,0,0,NA,0,0,1
"MWI",2004,0,0,NA,0,0,1
"MWI",2005,0,0,NA,0,0,1
"MWI",2006,0,0,NA,0,0,1
"MWI",2007,0,0,NA,0,0,1
"MWI",2008,0,0,NA,0,0,1
"MWI",2009,0,0,NA,0,0,1
"MWI",2010,0,0,NA,0,0,1
"MWI",2011,0,0,NA,0,0,1
"MWI",2012,0,0,NA,0,0,1
"MWI",2013,0,0,NA,0,0,1
"MWI",2014,0,0,NA,0,0,1
"MWI",2015,0,0,NA,0,0,1
"MWI",2016,0,0,NA,0,0,1
"MWI",2017,0,0,NA,0,0,1
"MWI",2018,0,0,NA,0,0,1
"MWI",2019,0,0,NA,0,0,1
"MYS",2000,0,0,NA,0,0,1
"MYS",2001,0,0,NA,0,0,1
"MYS",2002,0,0,NA,0,0,1
"MYS",2003,0,0,NA,0,0,1
"MYS",2004,0,0,NA,0,0,1
"MYS",2005,0,0,NA,0,0,1
"MYS",2006,0,0,NA,0,0,1
"MYS",2007,0,0,NA,0,0,1
"MYS",2008,0,0,NA,0,0,1
"MYS",2009,0,0,NA,0,0,1
"MYS",2010,0,0,NA,0,0,1
"MYS",2011,0,0,NA,0,0,1
"MYS",2012,0,0,NA,0,0,1
"MYS",2013,0,0,NA,0,0,1
"MYS",2015,0,0,NA,0,0,1
"MYS",2016,0,0,NA,0,0,1
"MYS",2017,0,0,NA,0,0,1
"MYS",2019,0,0,NA,0,0,1
"NAM",2002,0,0,NA,0,0,1
"NAM",2004,0,0,NA,0,0,1
"NAM",2005,0,0,NA,0,0,1
"NAM",2006,0,0,NA,0,0,1
"NAM",2007,0,0,NA,0,0,1
"NAM",2008,0,0,NA,0,0,1
"NAM",2009,0,0,NA,0,0,1
"NAM",2010,0,0,NA,0,0,1
"NAM",2011,0,0,NA,0,0,1
"NAM",2012,0,0,NA,0,0,1
"NAM",2013,0,0,NA,0,0,1
"NAM",2014,0,0,NA,0,0,1
"NAM",2015,0,0,NA,0,0,1
"NAM",2016,0,0,NA,0,0,1
"NAM",2017,0,0,NA,0,0,1
"NAM",2018,0,0,NA,0,0,1
"NAM",2019,0,0,NA,0,0,1
"NER",2000,0,0,NA,0,0,1
"NER",2001,0,0,NA,0,0,1
"NER",2002,0,0,NA,0,0,1
"NER",2003,0,0,NA,0,0,1
"NER",2004,0,0,NA,0,0,1
"NER",2006,0,0,NA,0,0,1
"NER",2007,0,0,NA,0,0,1
"NER",2010,0,0,NA,0,0,1
"NER",2011,0,0,NA,0,0,1
"NER",2012,0,0,NA,0,0,1
"NIC",2000,0,0,NA,0,0,1
"NIC",2001,0,0,NA,0,0,1
"NIC",2002,0,0,NA,0,0,1
"NIC",2003,0,0,NA,0,0,1
"NIC",2004,0,0,NA,0,0,1
"NIC",2005,0,0,NA,0,0,1
"NIC",2006,0,0,NA,0,0,1
"NIC",2007,0,0,NA,0,0,1
"NIC",2008,0,0,NA,0,0,1
"NIC",2009,0,0,NA,0,0,1
"NIC",2010,0,0,NA,0,0,1
"NIC",2011,0,0,NA,0,0,1
"NIC",2012,0,0,NA,0,0,1
"NIC",2013,0,0,NA,0,0,1
"NIC",2014,0,0,NA,0,0,1
"NIC",2015,0,0,NA,0,0,1
"NIC",2016,0,0,NA,0,0,1
"NIC",2017,0,0,NA,0,0,1
"NIC",2018,0,0,NA,0,0,1
"NIC",2019,0,0,NA,0,0,1
"NLD",2000,0,0,NA,0,0,1
"NLD",2001,0,0,NA,0,0,1
"NLD",2002,0,0,NA,0,0,1
"NLD",2003,0,0,NA,0,0,1
"NLD",2004,0,0,NA,0,0,1
"NLD",2005,0,0,NA,0,0,1
"NLD",2006,0,0,NA,0,0,1
"NLD",2007,0,0,NA,0,0,1
"NLD",2008,0,0,NA,0,0,1
"NLD",2009,0,0,NA,0,0,1
"NLD",2010,0,0,NA,0,0,1
"NLD",2011,0,0,NA,0,0,1
"NLD",2012,0,0,NA,0,0,1
"NLD",2013,0,0,NA,0,0,1
"NLD",2014,0,0,NA,0,0,1
"NLD",2015,0,0,NA,0,0,1
"NLD",2016,0,0,NA,0,0,1
"NLD",2017,0,0,NA,0,0,1
"NLD",2018,0,0,NA,0,0,1
"NLD",2019,0,0,NA,0,0,1
"NOR",2000,0,0,NA,0,0,1
"NOR",2001,0,0,NA,0,0,1
"NOR",2002,0,0,NA,0,0,1
"NOR",2003,0,0,NA,0,0,1
"NOR",2004,0,0,NA,0,0,1
"NOR",2005,0,0,NA,0,0,1
"NOR",2006,0,0,NA,0,0,1
"NOR",2007,0,0,NA,0,0,1
"NOR",2008,0,0,NA,0,0,1
"NOR",2009,0,0,NA,0,0,1
"NOR",2010,0,0,NA,0,0,1
"NOR",2011,0,0,NA,0,0,1
"NOR",2012,0,0,NA,0,0,1
"NOR",2013,0,0,NA,0,0,1
"NOR",2014,0,0,NA,0,0,1
"NOR",2015,0,0,NA,0,0,1
"NOR",2016,0,0,NA,0,0,1
"NOR",2017,0,0,NA,0,0,1
"NOR",2018,0,0,NA,0,0,1
"NOR",2019,0,0,NA,0,0,1
"NPL",2009,0,0,NA,0,0,1
"NPL",2011,0,0,NA,0,0,1
"NPL",2012,0,0,NA,0,0,1
"NPL",2013,0,0,NA,0,0,1
"NPL",2014,0,0,NA,0,0,1
"NPL",2015,0,0,NA,0,0,1
"NPL",2016,0,0,NA,0,0,1
"NPL",2017,0,0,NA,0,0,1
"NPL",2018,0,0,NA,0,0,1
"NPL",2019,0,0,NA,0,0,1
"NZL",2000,0,0,NA,0,0,1
"NZL",2001,0,0,NA,0,0,1
"NZL",2002,0,0,NA,0,0,1
"NZL",2003,0,0,NA,0,0,1
"NZL",2004,0,0,NA,0,0,1
"NZL",2005,0,0,NA,0,0,1
"NZL",2006,0,0,NA,0,0,1
"NZL",2007,0,0,NA,0,0,1
"NZL",2008,0,0,NA,0,0,1
"NZL",2009,0,0,NA,0,0,1
"NZL",2010,0,0,NA,0,0,1
"NZL",2011,0,0,NA,0,0,1
"NZL",2012,0,0,NA,0,0,1
"NZL",2013,0,0,NA,0,0,1
"NZL",2014,0,0,NA,0,0,1
"NZL",2015,0,0,NA,0,0,1
"NZL",2016,0,0,NA,0,0,1
"NZL",2017,0,0,NA,0,0,1
"NZL",2018,0,0,NA,0,0,1
"NZL",2019,0,0,NA,0,0,1
"OMN",2000,0,0,NA,0,0,1
"OMN",2001,0,0,NA,0,0,1
"OMN",2002,0,0,NA,0,0,1
"OMN",2003,0,0,NA,0,0,1
"OMN",2004,0,0,NA,0,0,1
"OMN",2005,0,0,NA,0,0,1
"OMN",2006,0,0,NA,0,0,1
"OMN",2007,0,0,NA,0,0,1
"OMN",2008,0,0,NA,0,0,1
"OMN",2009,0,0,NA,0,0,1
"OMN",2010,0,0,NA,0,0,1
"OMN",2011,0,0,NA,0,0,1
"OMN",2012,0,0,NA,0,0,1
"OMN",2013,0,0,NA,0,0,1
"OMN",2014,0,0,NA,0,0,1
"OMN",2015,0,0,NA,0,0,1
"OMN",2016,0,0,NA,0,0,1
"OMN",2017,0,0,NA,0,0,1
"OMN",2018,0,0,NA,0,0,1
"OMN",2019,0,0,NA,0,0,1
"PAN",2000,0,0,NA,0,0,1
"PAN",2001,0,0,NA,0,0,1
"PAN",2002,0,0,NA,0,0,1
"PAN",2003,0,0,NA,0,0,1
"PAN",2004,0,0,NA,0,0,1
"PAN",2005,0,0,NA,0,0,1
"PAN",2006,0,0,NA,0,0,1
"PAN",2007,0,0,NA,0,0,1
"PAN",2008,0,0,NA,0,0,1
"PAN",2009,0,0,NA,0,0,1
"PAN",2010,0,0,NA,0,0,1
"PAN",2011,0,0,NA,0,0,1
"PAN",2012,0,0,NA,0,0,1
"PAN",2013,0,0,NA,0,0,1
"PAN",2014,0,0,NA,0,0,1
"PAN",2015,0,0,NA,0,0,1
"PAN",2016,0,0,NA,0,0,1
"PAN",2017,0,0,NA,0,0,1
"PAN",2018,0,0,NA,0,0,1
"PAN",2019,0,0,NA,0,0,1
"PER",2006,0,0,NA,0,0,1
"PER",2013,0,0,NA,0,0,1
"PER",2019,0,0,NA,0,0,1
"PNG",2004,0,0,NA,0,0,1
"PNG",2005,0,0,NA,0,0,1
"PNG",2006,0,0,NA,0,0,1
"PNG",2007,0,0,NA,0,0,1
"PNG",2008,0,0,NA,0,0,1
"PNG",2009,0,0,NA,0,0,1
"PNG",2010,0,0,NA,0,0,1
"PNG",2011,0,0,NA,0,0,1
"PNG",2012,0,0,NA,0,0,1
"PNG",2014,0,0,NA,0,0,1
"PNG",2015,0,0,NA,0,0,1
"PNG",2016,0,0,NA,0,0,1
"PNG",2017,0,0,NA,0,0,1
"PNG",2018,0,0,NA,0,0,1
"PNG",2019,0,0,NA,0,0,1
"POL",2000,0,0,NA,0,0,1
"POL",2001,0,0,NA,0,0,1
"POL",2002,0,0,NA,0,0,1
"POL",2003,0,0,NA,0,0,1
"POL",2004,0,0,NA,0,0,1
"POL",2005,0,0,NA,0,0,1
"POL",2006,0,0,NA,0,0,1
"POL",2007,0,0,NA,0,0,1
"POL",2008,0,0,NA,0,0,1
"POL",2009,0,0,NA,0,0,1
"POL",2010,0,0,NA,0,0,1
"POL",2011,0,0,NA,0,0,1
"POL",2012,0,0,NA,0,0,1
"POL",2013,0,0,NA,0,0,1
"POL",2014,0,0,NA,0,0,1
"POL",2015,0,0,NA,0,0,1
"POL",2016,0,0,NA,0,0,1
"POL",2017,0,0,NA,0,0,1
"POL",2018,0,0,NA,0,0,1
"POL",2019,0,0,NA,0,0,1
"PRI",2000,0,0,NA,0,0,1
"PRI",2001,0,0,NA,0,0,1
"PRI",2002,0,0,NA,0,0,1
"PRI",2003,0,0,NA,0,0,1
"PRI",2004,0,0,NA,0,0,1
"PRI",2005,0,0,NA,0,0,1
"PRI",2006,0,0,NA,0,0,1
"PRI",2007,0,0,NA,0,0,1
"PRI",2008,0,0,NA,0,0,1
"PRI",2009,0,0,NA,0,0,1
"PRI",2010,0,0,NA,0,0,1
"PRI",2011,0,0,NA,0,0,1
"PRI",2012,0,0,NA,0,0,1
"PRI",2013,0,0,NA,0,0,1
"PRI",2014,0,0,NA,0,0,1
"PRI",2015,0,0,NA,0,0,1
"PRI",2016,0,0,NA,0,0,1
"PRI",2017,0,0,NA,0,0,1
"PRI",2018,0,0,NA,0,0,1
"PRI",2019,0,0,NA,0,0,1
"PRK",2000,0,0,NA,0,0,1
"PRK",2001,0,0,NA,0,0,1
"PRK",2002,0,0,NA,0,0,1
"PRK",2003,0,0,NA,0,0,1
"PRK",2004,0,0,NA,0,0,1
"PRK",2005,0,0,NA,0,0,1
"PRK",2006,0,0,NA,0,0,1
"PRK",2007,0,0,NA,0,0,1
"PRK",2008,0,0,NA,0,0,1
"PRK",2009,0,0,NA,0,0,1
"PRK",2010,0,0,NA,0,0,1
"PRK",2011,0,0,NA,0,0,1
"PRK",2012,0,0,NA,0,0,1
"PRK",2013,0,0,NA,0,0,1
"PRK",2014,0,0,NA,0,0,1
"PRK",2015,0,0,NA,0,0,1
"PRK",2016,0,0,NA,0,0,1
"PRK",2017,0,0,NA,0,0,1
"PRK",2018,0,0,NA,0,0,1
"PRK",2019,0,0,NA,0,0,1
"PRT",2000,0,0,NA,0,0,1
"PRT",2001,0,0,NA,0,0,1
"PRT",2002,0,0,NA,0,0,1
"PRT",2003,0,0,NA,0,0,1
"PRT",2004,0,0,NA,0,0,1
"PRT",2005,0,0,NA,0,0,1
"PRT",2006,0,0,NA,0,0,1
"PRT",2007,0,0,NA,0,0,1
"PRT",2008,0,0,NA,0,0,1
"PRT",2009,0,0,NA,0,0,1
"PRT",2010,0,0,NA,0,0,1
"PRT",2011,0,0,NA,0,0,1
"PRT",2012,0,0,NA,0,0,1
"PRT",2013,0,0,NA,0,0,1
"PRT",2014,0,0,NA,0,0,1
"PRT",2015,0,0,NA,0,0,1
"PRT",2016,0,0,NA,0,0,1
"PRT",2017,0,0,NA,0,0,1
"PRT",2018,0,0,NA,0,0,1
"PRT",2019,0,0,NA,0,0,1
"PRY",2000,0,0,NA,0,0,1
"PRY",2001,0,0,NA,0,0,1
"PRY",2002,0,0,NA,0,0,1
"PRY",2003,0,0,NA,0,0,1
"PRY",2004,0,0,NA,0,0,1
"PRY",2005,0,0,NA,0,0,1
"PRY",2006,0,0,NA,0,0,1
"PRY",2007,0,0,NA,0,0,1
"PRY",2008,0,0,NA,0,0,1
"PRY",2009,0,0,NA,0,0,1
"PRY",2010,0,0,NA,0,0,1
"PRY",2011,0,0,NA,0,0,1
"PRY",2012,0,0,NA,0,0,1
"PRY",2013,0,0,NA,0,0,1
"PRY",2014,0,0,NA,0,0,1
"PRY",2015,0,0,NA,0,0,1
"PRY",2016,0,0,NA,0,0,1
"PRY",2017,0,0,NA,0,0,1
"PRY",2018,0,0,NA,0,0,1
"PRY",2019,0,0,NA,0,0,1
"QAT",2000,0,0,NA,0,0,1
"QAT",2001,0,0,NA,0,0,1
"QAT",2002,0,0,NA,0,0,1
"QAT",2003,0,0,NA,0,0,1
"QAT",2004,0,0,NA,0,0,1
"QAT",2005,0,0,NA,0,0,1
"QAT",2006,0,0,NA,0,0,1
"QAT",2007,0,0,NA,0,0,1
"QAT",2008,0,0,NA,0,0,1
"QAT",2009,0,0,NA,0,0,1
"QAT",2010,0,0,NA,0,0,1
"QAT",2011,0,0,NA,0,0,1
"QAT",2012,0,0,NA,0,0,1
"QAT",2013,0,0,NA,0,0,1
"QAT",2014,0,0,NA,0,0,1
"QAT",2015,0,0,NA,0,0,1
"QAT",2016,0,0,NA,0,0,1
"QAT",2017,0,0,NA,0,0,1
"QAT",2018,0,0,NA,0,0,1
"QAT",2019,0,0,NA,0,0,1
"ROU",2000,0,0,NA,0,0,1
"ROU",2001,0,0,NA,0,0,1
"ROU",2002,0,0,NA,0,0,1
"ROU",2003,0,0,NA,0,0,1
"ROU",2004,0,0,NA,0,0,1
"ROU",2005,0,0,NA,0,0,1
"ROU",2006,0,0,NA,0,0,1
"ROU",2007,0,0,NA,0,0,1
"ROU",2008,0,0,NA,0,0,1
"ROU",2009,0,0,NA,0,0,1
"ROU",2010,0,0,NA,0,0,1
"ROU",2011,0,0,NA,0,0,1
"ROU",2012,0,0,NA,0,0,1
"ROU",2013,0,0,NA,0,0,1
"ROU",2014,0,0,NA,0,0,1
"ROU",2015,0,0,NA,0,0,1
"ROU",2016,0,0,NA,0,0,1
"ROU",2017,0,0,NA,0,0,1
"ROU",2018,0,0,NA,0,0,1
"ROU",2019,0,0,NA,0,0,1
"RWA",2001,0,0,NA,0,0,1
"RWA",2003,0,0,NA,0,0,1
"RWA",2004,0,0,NA,0,0,1
"RWA",2006,0,0,NA,0,0,1
"RWA",2007,0,0,NA,0,0,1
"RWA",2008,0,0,NA,0,0,1
"RWA",2009,0,0,NA,0,0,1
"RWA",2011,0,0,NA,0,0,1
"RWA",2012,0,0,NA,0,0,1
"RWA",2015,0,0,NA,0,0,1
"RWA",2016,0,0,NA,0,0,1
"SAU",2000,0,0,NA,0,0,1
"SAU",2001,0,0,NA,0,0,1
"SAU",2002,0,0,NA,0,0,1
"SAU",2003,0,0,NA,0,0,1
"SAU",2009,0,0,NA,0,0,1
"SAU",2010,0,0,NA,0,0,1
"SAU",2011,0,0,NA,0,0,1
"SAU",2012,0,0,NA,0,0,1
"SAU",2013,0,0,NA,0,0,1
"SAU",2014,0,0,NA,0,0,1
"SAU",2015,0,0,NA,0,0,1
"SEN",2008,0,0,NA,0,0,1
"SEN",2015,0,0,NA,0,0,1
"SEN",2016,0,0,NA,0,0,1
"SEN",2017,0,0,NA,0,0,1
"SEN",2018,0,0,NA,0,0,1
"SGP",2000,0,0,NA,0,0,1
"SGP",2001,0,0,NA,0,0,1
"SGP",2002,0,0,NA,0,0,1
"SGP",2003,0,0,NA,0,0,1
"SGP",2004,0,0,NA,0,0,1
"SGP",2005,0,0,NA,0,0,1
"SGP",2006,0,0,NA,0,0,1
"SGP",2007,0,0,NA,0,0,1
"SGP",2008,0,0,NA,0,0,1
"SGP",2009,0,0,NA,0,0,1
"SGP",2010,0,0,NA,0,0,1
"SGP",2011,0,0,NA,0,0,1
"SGP",2012,0,0,NA,0,0,1
"SGP",2013,0,0,NA,0,0,1
"SGP",2014,0,0,NA,0,0,1
"SGP",2015,0,0,NA,0,0,1
"SGP",2016,0,0,NA,0,0,1
"SGP",2017,0,0,NA,0,0,1
"SGP",2018,0,0,NA,0,0,1
"SGP",2019,0,0,NA,0,0,1
"SLB",2000,0,0,NA,0,0,1
"SLB",2001,0,0,NA,0,0,1
"SLB",2002,0,0,NA,0,0,1
"SLB",2003,0,0,NA,0,0,1
"SLB",2004,0,0,NA,0,0,1
"SLB",2005,0,0,NA,0,0,1
"SLB",2006,0,0,NA,0,0,1
"SLB",2007,0,0,NA,0,0,1
"SLB",2008,0,0,NA,0,0,1
"SLB",2009,0,0,NA,0,0,1
"SLB",2010,0,0,NA,0,0,1
"SLB",2011,0,0,NA,0,0,1
"SLB",2012,0,0,NA,0,0,1
"SLB",2013,0,0,NA,0,0,1
"SLB",2014,0,0,NA,0,0,1
"SLB",2015,0,0,NA,0,0,1
"SLB",2016,0,0,NA,0,0,1
"SLB",2017,0,0,NA,0,0,1
"SLB",2018,0,0,NA,0,0,1
"SLB",2019,0,0,NA,0,0,1
"SLE",2004,0,0,NA,0,0,1
"SLE",2005,0,0,NA,0,0,1
"SLE",2006,0,0,NA,0,0,1
"SLE",2007,0,0,NA,0,0,1
"SLE",2008,0,0,NA,0,0,1
"SLE",2009,0,0,NA,0,0,1
"SLE",2010,0,0,NA,0,0,1
"SLE",2011,0,0,NA,0,0,1
"SLE",2012,0,0,NA,0,0,1
"SLE",2013,0,0,NA,0,0,1
"SLE",2014,0,0,NA,0,0,1
"SLE",2015,0,0,NA,0,0,1
"SLE",2016,0,0,NA,0,0,1
"SLE",2017,0,0,NA,0,0,1
"SLE",2018,0,0,NA,0,0,1
"SLE",2019,0,0,NA,0,0,1
"SLV",2000,0,0,NA,0,0,1
"SLV",2001,0,0,NA,0,0,1
"SLV",2002,0,0,NA,0,0,1
"SLV",2003,0,0,NA,0,0,1
"SLV",2004,0,0,NA,0,0,1
"SLV",2005,0,0,NA,0,0,1
"SLV",2006,0,0,NA,0,0,1
"SLV",2007,0,0,NA,0,0,1
"SLV",2008,0,0,NA,0,0,1
"SLV",2009,0,0,NA,0,0,1
"SLV",2010,0,0,NA,0,0,1
"SLV",2011,0,0,NA,0,0,1
"SLV",2012,0,0,NA,0,0,1
"SLV",2013,0,0,NA,0,0,1
"SLV",2014,0,0,NA,0,0,1
"SLV",2015,0,0,NA,0,0,1
"SLV",2016,0,0,NA,0,0,1
"SLV",2017,0,0,NA,0,0,1
"SLV",2018,0,0,NA,0,0,1
"SLV",2019,0,0,NA,0,0,1
"SRB",2001,0,0,NA,0,0,1
"SRB",2002,0,0,NA,0,0,1
"SRB",2003,0,0,NA,0,0,1
"SRB",2004,0,0,NA,0,0,1
"SRB",2005,0,0,NA,0,0,1
"SRB",2006,0,0,NA,0,0,1
"SRB",2007,0,0,NA,0,0,1
"SRB",2008,0,0,NA,0,0,1
"SRB",2009,0,0,NA,0,0,1
"SRB",2010,0,0,NA,0,0,1
"SRB",2011,0,0,NA,0,0,1
"SRB",2012,0,0,NA,0,0,1
"SRB",2013,0,0,NA,0,0,1
"SRB",2014,0,0,NA,0,0,1
"SRB",2015,0,0,NA,0,0,1
"SRB",2016,0,0,NA,0,0,1
"SRB",2017,0,0,NA,0,0,1
"SRB",2018,0,0,NA,0,0,1
"SRB",2019,0,0,NA,0,0,1
"SSD",2000,0,0,NA,0,0,1
"SSD",2001,0,0,NA,0,0,1
"SSD",2002,0,0,NA,0,0,1
"SSD",2003,0,0,NA,0,0,1
"SSD",2004,0,0,NA,0,0,1
"SSD",2005,0,0,NA,0,0,1
"SSD",2006,0,0,NA,0,0,1
"SSD",2007,0,0,NA,0,0,1
"SSD",2008,0,0,NA,0,0,1
"SSD",2009,0,0,NA,0,0,1
"SSD",2010,0,0,NA,0,0,1
"SSD",2011,0,0,NA,0,0,1
"STP",2000,0,0,NA,0,0,1
"STP",2001,0,0,NA,0,0,1
"STP",2002,0,0,NA,0,0,1
"STP",2003,0,0,NA,0,0,1
"STP",2004,0,0,NA,0,0,1
"STP",2005,0,0,NA,0,0,1
"STP",2006,0,0,NA,0,0,1
"STP",2007,0,0,NA,0,0,1
"STP",2008,0,0,NA,0,0,1
"STP",2009,0,0,NA,0,0,1
"STP",2010,0,0,NA,0,0,1
"STP",2011,0,0,NA,0,0,1
"STP",2012,0,0,NA,0,0,1
"STP",2013,0,0,NA,0,0,1
"STP",2014,0,0,NA,0,0,1
"STP",2015,0,0,NA,0,0,1
"STP",2016,0,0,NA,0,0,1
"STP",2017,0,0,NA,0,0,1
"STP",2018,0,0,NA,0,0,1
"STP",2019,0,0,NA,0,0,1
"SUR",2000,0,0,NA,0,0,1
"SUR",2001,0,0,NA,0,0,1
"SUR",2002,0,0,NA,0,0,1
"SUR",2003,0,0,NA,0,0,1
"SUR",2004,0,0,NA,0,0,1
"SUR",2005,0,0,NA,0,0,1
"SUR",2006,0,0,NA,0,0,1
"SUR",2007,0,0,NA,0,0,1
"SUR",2008,0,0,NA,0,0,1
"SUR",2009,0,0,NA,0,0,1
"SUR",2010,0,0,NA,0,0,1
"SUR",2011,0,0,NA,0,0,1
"SUR",2012,0,0,NA,0,0,1
"SUR",2013,0,0,NA,0,0,1
"SUR",2014,0,0,NA,0,0,1
"SUR",2015,0,0,NA,0,0,1
"SUR",2016,0,0,NA,0,0,1
"SUR",2017,0,0,NA,0,0,1
"SUR",2018,0,0,NA,0,0,1
"SUR",2019,0,0,NA,0,0,1
"SVK",2000,0,0,NA,0,0,1
"SVK",2001,0,0,NA,0,0,1
"SVK",2002,0,0,NA,0,0,1
"SVK",2003,0,0,NA,0,0,1
"SVK",2004,0,0,NA,0,0,1
"SVK",2005,0,0,NA,0,0,1
"SVK",2006,0,0,NA,0,0,1
"SVK",2007,0,0,NA,0,0,1
"SVK",2008,0,0,NA,0,0,1
"SVK",2009,0,0,NA,0,0,1
"SVK",2010,0,0,NA,0,0,1
"SVK",2011,0,0,NA,0,0,1
"SVK",2012,0,0,NA,0,0,1
"SVK",2013,0,0,NA,0,0,1
"SVK",2014,0,0,NA,0,0,1
"SVK",2015,0,0,NA,0,0,1
"SVK",2016,0,0,NA,0,0,1
"SVK",2017,0,0,NA,0,0,1
"SVK",2018,0,0,NA,0,0,1
"SVK",2019,0,0,NA,0,0,1
"SVN",2000,0,0,NA,0,0,1
"SVN",2001,0,0,NA,0,0,1
"SVN",2002,0,0,NA,0,0,1
"SVN",2003,0,0,NA,0,0,1
"SVN",2004,0,0,NA,0,0,1
"SVN",2005,0,0,NA,0,0,1
"SVN",2006,0,0,NA,0,0,1
"SVN",2007,0,0,NA,0,0,1
"SVN",2008,0,0,NA,0,0,1
"SVN",2009,0,0,NA,0,0,1
"SVN",2010,0,0,NA,0,0,1
"SVN",2011,0,0,NA,0,0,1
"SVN",2012,0,0,NA,0,0,1
"SVN",2013,0,0,NA,0,0,1
"SVN",2014,0,0,NA,0,0,1
"SVN",2015,0,0,NA,0,0,1
"SVN",2016,0,0,NA,0,0,1
"SVN",2017,0,0,NA,0,0,1
"SVN",2018,0,0,NA,0,0,1
"SVN",2019,0,0,NA,0,0,1
"SWE",2000,0,0,NA,0,0,1
"SWE",2001,0,0,NA,0,0,1
"SWE",2002,0,0,NA,0,0,1
"SWE",2003,0,0,NA,0,0,1
"SWE",2004,0,0,NA,0,0,1
"SWE",2005,0,0,NA,0,0,1
"SWE",2006,0,0,NA,0,0,1
"SWE",2007,0,0,NA,0,0,1
"SWE",2008,0,0,NA,0,0,1
"SWE",2009,0,0,NA,0,0,1
"SWE",2010,0,0,NA,0,0,1
"SWE",2011,0,0,NA,0,0,1
"SWE",2012,0,0,NA,0,0,1
"SWE",2013,0,0,NA,0,0,1
"SWE",2014,0,0,NA,0,0,1
"SWE",2015,0,0,NA,0,0,1
"SWE",2016,0,0,NA,0,0,1
"SWE",2017,0,0,NA,0,0,1
"SWE",2019,0,0,NA,0,0,1
"SWZ",2000,0,0,NA,0,0,1
"SWZ",2001,0,0,NA,0,0,1
"SWZ",2002,0,0,NA,0,0,1
"SWZ",2003,0,0,NA,0,0,1
"SWZ",2004,0,0,NA,0,0,1
"SWZ",2005,0,0,NA,0,0,1
"SWZ",2006,0,0,NA,0,0,1
"SWZ",2007,0,0,NA,0,0,1
"SWZ",2008,0,0,NA,0,0,1
"SWZ",2009,0,0,NA,0,0,1
"SWZ",2010,0,0,NA,0,0,1
"SWZ",2011,0,0,NA,0,0,1
"SWZ",2012,0,0,NA,0,0,1
"SWZ",2013,0,0,NA,0,0,1
"SWZ",2014,0,0,NA,0,0,1
"SWZ",2015,0,0,NA,0,0,1
"SWZ",2016,0,0,NA,0,0,1
"SWZ",2017,0,0,NA,0,0,1
"SWZ",2018,0,0,NA,0,0,1
"SWZ",2019,0,0,NA,0,0,1
"SYC",2000,0,0,NA,0,0,1
"SYC",2001,0,0,NA,0,0,1
"SYC",2002,0,0,NA,0,0,1
"SYC",2003,0,0,NA,0,0,1
"SYC",2004,0,0,NA,0,0,1
"SYC",2005,0,0,NA,0,0,1
"SYC",2006,0,0,NA,0,0,1
"SYC",2007,0,0,NA,0,0,1
"SYC",2008,0,0,NA,0,0,1
"SYC",2009,0,0,NA,0,0,1
"SYC",2010,0,0,NA,0,0,1
"SYC",2011,0,0,NA,0,0,1
"SYC",2012,0,0,NA,0,0,1
"SYC",2013,0,0,NA,0,0,1
"SYC",2014,0,0,NA,0,0,1
"SYC",2015,0,0,NA,0,0,1
"SYC",2016,0,0,NA,0,0,1
"SYC",2017,0,0,NA,0,0,1
"SYC",2018,0,0,NA,0,0,1
"SYC",2019,0,0,NA,0,0,1
"SYR",2000,0,0,NA,0,0,1
"SYR",2001,0,0,NA,0,0,1
"SYR",2002,0,0,NA,0,0,1
"SYR",2003,0,0,NA,0,0,1
"SYR",2004,0,0,NA,0,0,1
"SYR",2006,0,0,NA,0,0,1
"SYR",2007,0,0,NA,0,0,1
"SYR",2008,0,0,NA,0,0,1
"SYR",2010,0,0,NA,0,0,1
"SYR",2011,0,0,NA,0,0,1
"TCD",2012,0,0,NA,0,0,1
"TCD",2013,0,0,NA,0,0,1
"TCD",2014,0,0,NA,0,0,1
"TGO",2000,0,0,NA,0,0,1
"TGO",2001,0,0,NA,0,0,1
"TGO",2002,0,0,NA,0,0,1
"TGO",2003,0,0,NA,0,0,1
"TGO",2004,0,0,NA,0,0,1
"TGO",2005,0,0,NA,0,0,1
"TGO",2007,0,0,NA,0,0,1
"TGO",2008,0,0,NA,0,0,1
"TGO",2009,0,0,NA,0,0,1
"TGO",2010,0,0,NA,0,0,1
"TGO",2011,0,0,NA,0,0,1
"TGO",2012,0,0,NA,0,0,1
"TGO",2013,0,0,NA,0,0,1
"TGO",2014,0,0,NA,0,0,1
"TGO",2015,0,0,NA,0,0,1
"TGO",2016,0,0,NA,0,0,1
"TGO",2017,0,0,NA,0,0,1
"TGO",2018,0,0,NA,0,0,1
"TGO",2019,0,0,NA,0,0,1
"TJK",2002,0,0,NA,0,0,1
"TJK",2003,0,0,NA,0,0,1
"TJK",2004,0,0,NA,0,0,1
"TJK",2005,0,0,NA,0,0,1
"TJK",2008,0,0,NA,0,0,1
"TJK",2009,0,0,NA,0,0,1
"TJK",2013,0,0,NA,0,0,1
"TJK",2016,0,0,NA,0,0,1
"TJK",2017,0,0,NA,0,0,1
"TJK",2018,0,0,NA,0,0,1
"TKM",2000,0,0,NA,0,0,1
"TKM",2001,0,0,NA,0,0,1
"TKM",2002,0,0,NA,0,0,1
"TKM",2003,0,0,NA,0,0,1
"TKM",2004,0,0,NA,0,0,1
"TKM",2005,0,0,NA,0,0,1
"TKM",2006,0,0,NA,0,0,1
"TKM",2007,0,0,NA,0,0,1
"TKM",2008,0,0,NA,0,0,1
"TKM",2009,0,0,NA,0,0,1
"TKM",2010,0,0,NA,0,0,1
"TKM",2011,0,0,NA,0,0,1
"TKM",2012,0,0,NA,0,0,1
"TKM",2013,0,0,NA,0,0,1
"TKM",2014,0,0,NA,0,0,1
"TKM",2015,0,0,NA,0,0,1
"TKM",2016,0,0,NA,0,0,1
"TKM",2017,0,0,NA,0,0,1
"TKM",2018,0,0,NA,0,0,1
"TKM",2019,0,0,NA,0,0,1
"TLS",2000,0,0,NA,0,0,1
"TLS",2001,0,0,NA,0,0,1
"TLS",2002,0,0,NA,0,0,1
"TLS",2003,0,0,NA,0,0,1
"TLS",2004,0,0,NA,0,0,1
"TLS",2005,0,0,NA,0,0,1
"TLS",2006,0,0,NA,0,0,1
"TLS",2007,0,0,NA,0,0,1
"TLS",2008,0,0,NA,0,0,1
"TLS",2009,0,0,NA,0,0,1
"TLS",2010,0,0,NA,0,0,1
"TLS",2011,0,0,NA,0,0,1
"TLS",2012,0,0,NA,0,0,1
"TLS",2013,0,0,NA,0,0,1
"TLS",2014,0,0,NA,0,0,1
"TLS",2015,0,0,NA,0,0,1
"TLS",2016,0,0,NA,0,0,1
"TLS",2017,0,0,NA,0,0,1
"TLS",2018,0,0,NA,0,0,1
"TLS",2019,0,0,NA,0,0,1
"TON",2000,0,0,NA,0,0,1
"TON",2001,0,0,NA,0,0,1
"TON",2002,0,0,NA,0,0,1
"TON",2003,0,0,NA,0,0,1
"TON",2004,0,0,NA,0,0,1
"TON",2005,0,0,NA,0,0,1
"TON",2006,0,0,NA,0,0,1
"TON",2007,0,0,NA,0,0,1
"TON",2008,0,0,NA,0,0,1
"TON",2009,0,0,NA,0,0,1
"TON",2010,0,0,NA,0,0,1
"TON",2011,0,0,NA,0,0,1
"TON",2012,0,0,NA,0,0,1
"TON",2013,0,0,NA,0,0,1
"TON",2014,0,0,NA,0,0,1
"TON",2015,0,0,NA,0,0,1
"TON",2016,0,0,NA,0,0,1
"TON",2017,0,0,NA,0,0,1
"TON",2018,0,0,NA,0,0,1
"TON",2019,0,0,NA,0,0,1
"TTO",2000,0,0,NA,0,0,1
"TTO",2001,0,0,NA,0,0,1
"TTO",2002,0,0,NA,0,0,1
"TTO",2003,0,0,NA,0,0,1
"TTO",2004,0,0,NA,0,0,1
"TTO",2005,0,0,NA,0,0,1
"TTO",2006,0,0,NA,0,0,1
"TTO",2007,0,0,NA,0,0,1
"TTO",2008,0,0,NA,0,0,1
"TTO",2009,0,0,NA,0,0,1
"TTO",2010,0,0,NA,0,0,1
"TTO",2011,0,0,NA,0,0,1
"TTO",2012,0,0,NA,0,0,1
"TTO",2013,0,0,NA,0,0,1
"TTO",2014,0,0,NA,0,0,1
"TTO",2015,0,0,NA,0,0,1
"TTO",2016,0,0,NA,0,0,1
"TTO",2017,0,0,NA,0,0,1
"TTO",2018,0,0,NA,0,0,1
"TTO",2019,0,0,NA,0,0,1
"TUN",2000,0,0,NA,0,0,1
"TUN",2001,0,0,NA,0,0,1
"TUN",2002,0,0,NA,0,0,1
"TUN",2004,0,0,NA,0,0,1
"TUN",2005,0,0,NA,0,0,1
"TUN",2006,0,0,NA,0,0,1
"TUN",2007,0,0,NA,0,0,1
"TUN",2008,0,0,NA,0,0,1
"TUN",2009,0,0,NA,0,0,1
"TUN",2010,0,0,NA,0,0,1
"TUN",2011,0,0,NA,0,0,1
"TZA",2000,0,0,NA,0,0,1
"TZA",2001,0,0,NA,0,0,1
"TZA",2003,0,0,NA,0,0,1
"TZA",2004,0,0,NA,0,0,1
"TZA",2005,0,0,NA,0,0,1
"TZA",2006,0,0,NA,0,0,1
"TZA",2007,0,0,NA,0,0,1
"TZA",2009,0,0,NA,0,0,1
"TZA",2010,0,0,NA,0,0,1
"TZA",2011,0,0,NA,0,0,1
"TZA",2012,0,0,NA,0,0,1
"TZA",2013,0,0,NA,0,0,1
"TZA",2014,0,0,NA,0,0,1
"TZA",2015,0,0,NA,0,0,1
"TZA",2016,0,0,NA,0,0,1
"TZA",2017,0,0,NA,0,0,1
"UGA",2012,0,0,NA,0,0,1
"UGA",2013,0,0,NA,0,0,1
"UGA",2014,0,0,NA,0,0,1
"UGA",2016,0,0,NA,0,0,1
"UGA",2018,0,0,NA,0,0,1
"UKR",2000,0,0,NA,0,0,1
"UKR",2001,0,0,NA,0,0,1
"UKR",2002,0,0,NA,0,0,1
"UKR",2003,0,0,NA,0,0,1
"UKR",2004,0,0,NA,0,0,1
"UKR",2005,0,0,NA,0,0,1
"UKR",2006,0,0,NA,0,0,1
"UKR",2007,0,0,NA,0,0,1
"UKR",2008,0,0,NA,0,0,1
"UKR",2009,0,0,NA,0,0,1
"UKR",2010,0,0,NA,0,0,1
"UKR",2011,0,0,NA,0,0,1
"UKR",2012,0,0,NA,0,0,1
"UKR",2013,0,0,NA,0,0,1
"UKR",2014,0,0,NA,0,0,1
"URY",2000,0,0,NA,0,0,1
"URY",2001,0,0,NA,0,0,1
"URY",2002,0,0,NA,0,0,1
"URY",2003,0,0,NA,0,0,1
"URY",2004,0,0,NA,0,0,1
"URY",2005,0,0,NA,0,0,1
"URY",2006,0,0,NA,0,0,1
"URY",2007,0,0,NA,0,0,1
"URY",2008,0,0,NA,0,0,1
"URY",2009,0,0,NA,0,0,1
"URY",2010,0,0,NA,0,0,1
"URY",2011,0,0,NA,0,0,1
"URY",2012,0,0,NA,0,0,1
"URY",2013,0,0,NA,0,0,1
"URY",2014,0,0,NA,0,0,1
"URY",2015,0,0,NA,0,0,1
"URY",2016,0,0,NA,0,0,1
"URY",2017,0,0,NA,0,0,1
"URY",2018,0,0,NA,0,0,1
"URY",2019,0,0,NA,0,0,1
"USA",2000,0,0,NA,0,0,1
"USA",2001,0,0,NA,0,0,1
"USA",2003,0,0,NA,0,0,1
"USA",2004,0,0,NA,0,0,1
"USA",2005,0,0,NA,0,0,1
"USA",2006,0,0,NA,0,0,1
"USA",2007,0,0,NA,0,0,1
"USA",2008,0,0,NA,0,0,1
"USA",2009,0,0,NA,0,0,1
"USA",2010,0,0,NA,0,0,1
"USA",2012,0,0,NA,0,0,1
"USA",2013,0,0,NA,0,0,1
"USA",2014,0,0,NA,0,0,1
"USA",2015,0,0,NA,0,0,1
"USA",2017,0,0,NA,0,0,1
"USA",2019,0,0,NA,0,0,1
"UZB",2002,0,0,NA,0,0,1
"UZB",2003,0,0,NA,0,0,1
"UZB",2004,0,0,NA,0,0,1
"UZB",2006,0,0,NA,0,0,1
"UZB",2007,0,0,NA,0,0,1
"UZB",2008,0,0,NA,0,0,1
"UZB",2009,0,0,NA,0,0,1
"UZB",2011,0,0,NA,0,0,1
"UZB",2012,0,0,NA,0,0,1
"UZB",2013,0,0,NA,0,0,1
"UZB",2014,0,0,NA,0,0,1
"UZB",2015,0,0,NA,0,0,1
"UZB",2016,0,0,NA,0,0,1
"UZB",2017,0,0,NA,0,0,1
"UZB",2018,0,0,NA,0,0,1
"UZB",2019,0,0,NA,0,0,1
"VCT",2000,0,0,NA,0,0,1
"VCT",2001,0,0,NA,0,0,1
"VCT",2002,0,0,NA,0,0,1
"VCT",2003,0,0,NA,0,0,1
"VCT",2004,0,0,NA,0,0,1
"VCT",2005,0,0,NA,0,0,1
"VCT",2006,0,0,NA,0,0,1
"VCT",2007,0,0,NA,0,0,1
"VCT",2008,0,0,NA,0,0,1
"VCT",2009,0,0,NA,0,0,1
"VCT",2010,0,0,NA,0,0,1
"VCT",2011,0,0,NA,0,0,1
"VCT",2012,0,0,NA,0,0,1
"VCT",2013,0,0,NA,0,0,1
"VCT",2014,0,0,NA,0,0,1
"VCT",2015,0,0,NA,0,0,1
"VCT",2016,0,0,NA,0,0,1
"VCT",2017,0,0,NA,0,0,1
"VCT",2018,0,0,NA,0,0,1
"VCT",2019,0,0,NA,0,0,1
"VNM",2000,0,0,NA,0,0,1
"VNM",2001,0,0,NA,0,0,1
"VNM",2002,0,0,NA,0,0,1
"VNM",2003,0,0,NA,0,0,1
"VNM",2004,0,0,NA,0,0,1
"VNM",2005,0,0,NA,0,0,1
"VNM",2006,0,0,NA,0,0,1
"VNM",2007,0,0,NA,0,0,1
"VNM",2008,0,0,NA,0,0,1
"VNM",2009,0,0,NA,0,0,1
"VNM",2010,0,0,NA,0,0,1
"VNM",2011,0,0,NA,0,0,1
"VNM",2012,0,0,NA,0,0,1
"VNM",2013,0,0,NA,0,0,1
"VNM",2014,0,0,NA,0,0,1
"VNM",2015,0,0,NA,0,0,1
"VNM",2016,0,0,NA,0,0,1
"VNM",2017,0,0,NA,0,0,1
"VNM",2018,0,0,NA,0,0,1
"VNM",2019,0,0,NA,0,0,1
"VUT",2000,0,0,NA,0,0,1
"VUT",2001,0,0,NA,0,0,1
"VUT",2002,0,0,NA,0,0,1
"VUT",2003,0,0,NA,0,0,1
"VUT",2004,0,0,NA,0,0,1
"VUT",2005,0,0,NA,0,0,1
"VUT",2006,0,0,NA,0,0,1
"VUT",2007,0,0,NA,0,0,1
"VUT",2008,0,0,NA,0,0,1
"VUT",2009,0,0,NA,0,0,1
"VUT",2010,0,0,NA,0,0,1
"VUT",2011,0,0,NA,0,0,1
"VUT",2012,0,0,NA,0,0,1
"VUT",2013,0,0,NA,0,0,1
"VUT",2014,0,0,NA,0,0,1
"VUT",2015,0,0,NA,0,0,1
"VUT",2016,0,0,NA,0,0,1
"VUT",2017,0,0,NA,0,0,1
"VUT",2018,0,0,NA,0,0,1
"VUT",2019,0,0,NA,0,0,1
"WSM",2000,0,0,NA,0,0,1
"WSM",2001,0,0,NA,0,0,1
"WSM",2002,0,0,NA,0,0,1
"WSM",2003,0,0,NA,0,0,1
"WSM",2004,0,0,NA,0,0,1
"WSM",2005,0,0,NA,0,0,1
"WSM",2006,0,0,NA,0,0,1
"WSM",2007,0,0,NA,0,0,1
"WSM",2008,0,0,NA,0,0,1
"WSM",2009,0,0,NA,0,0,1
"WSM",2010,0,0,NA,0,0,1
"WSM",2011,0,0,NA,0,0,1
"WSM",2012,0,0,NA,0,0,1
"WSM",2013,0,0,NA,0,0,1
"WSM",2014,0,0,NA,0,0,1
"WSM",2015,0,0,NA,0,0,1
"WSM",2016,0,0,NA,0,0,1
"WSM",2017,0,0,NA,0,0,1
"WSM",2018,0,0,NA,0,0,1
"WSM",2019,0,0,NA,0,0,1
"YEM",2000,0,0,NA,0,0,1
"YEM",2001,0,0,NA,0,0,1
"YEM",2002,0,0,NA,0,0,1
"YEM",2003,0,0,NA,0,0,1
"YEM",2006,0,0,NA,0,0,1
"YEM",2007,0,0,NA,0,0,1
"YEM",2008,0,0,NA,0,0,1
"ZAF",2001,0,0,NA,0,0,1
"ZAF",2002,0,0,NA,0,0,1
"ZAF",2004,0,0,NA,0,0,1
"ZAF",2005,0,0,NA,0,0,1
"ZAF",2006,0,0,NA,0,0,1
"ZAF",2007,0,0,NA,0,0,1
"ZAF",2008,0,0,NA,0,0,1
"ZAF",2009,0,0,NA,0,0,1
"ZAF",2010,0,0,NA,0,0,1
"ZAF",2012,0,0,NA,0,0,1
"ZAF",2013,0,0,NA,0,0,1
"ZAF",2014,0,0,NA,0,0,1
"ZAF",2015,0,0,NA,0,0,1
"ZAF",2016,0,0,NA,0,0,1
"ZAF",2018,0,0,NA,0,0,1
"ZMB",2000,0,0,NA,0,0,1
"ZMB",2003,0,0,NA,0,0,1
"ZMB",2004,0,0,NA,0,0,1
"ZMB",2005,0,0,NA,0,0,1
"ZMB",2006,0,0,NA,0,0,1
"ZMB",2007,0,0,NA,0,0,1
"ZMB",2008,0,0,NA,0,0,1
"ZMB",2009,0,0,NA,0,0,1
"ZMB",2010,0,0,NA,0,0,1
"ZMB",2011,0,0,NA,0,0,1
"ZMB",2012,0,0,NA,0,0,1
"ZMB",2013,0,0,NA,0,0,1
"ZMB",2014,0,0,NA,0,0,1
"ZMB",2015,0,0,NA,0,0,1
"ZMB",2016,0,0,NA,0,0,1
"ZMB",2017,0,0,NA,0,0,1
"ZMB",2018,0,0,NA,0,0,1
"ZMB",2019,0,0,NA,0,0,1
"ZWE",2001,0,0,NA,0,0,1
"ZWE",2002,0,0,NA,0,0,1
"ZWE",2003,0,0,NA,0,0,1
"ZWE",2004,0,0,NA,0,0,1
"ZWE",2005,0,0,NA,0,0,1
"ZWE",2006,0,0,NA,0,0,1
"ZWE",2007,0,0,NA,0,0,1
"ZWE",2008,0,0,NA,0,0,1
"ZWE",2010,0,0,NA,0,0,1
"ZWE",2011,0,0,NA,0,0,1
"ZWE",2014,0,0,NA,0,0,1
"ZWE",2015,0,0,NA,0,0,1
"ZWE",2016,0,0,NA,0,0,1
"ZWE",2017,0,0,NA,0,0,1
"ZWE",2018,0,0,NA,0,0,1
